time,max,99th,95th,med
0,7,7,7,7
219316,7,7,7,7
251674,12,7,7,12
251699,17,7,7,17
256418,22,7,7,22
256458,22,7,7,7
256459,22,12,12,12
258863,22,17,17,17
258886,22,22,22,22
258888,22,22,22,22
259585,22,22,22,22
259600,22,22,22,22
259609,22,22,22,22
262503,22,22,22,22
262517,22,22,22,22
262523,22,22,22,22
268877,22,22,22,22
273432,22,22,22,17
274530,22,22,22,17
276110,22,22,22,7
287957,22,22,22,7
291767,22,22,22,7
308826,22,22,22,7
309095,22,22,22,7
310067,22,22,22,7
310087,22,22,22,7
314735,22,22,22,7
322266,22,22,22,7
323621,22,22,22,7
328412,22,22,22,7
328414,22,22,22,7
340950,22,22,22,7
365624,22,22,22,7
368092,22,22,22,7
370895,22,22,22,7
378921,22,22,22,7
381592,22,17,17,7
396126,22,22,22,7
409806,22,22,22,7
409827,22,22,22,7
420889,22,22,22,7
423645,22,22,22,7
427463,22,17,17,7
434937,17,17,17,7
435612,17,17,17,7
438136,17,17,17,7
445554,17,17,17,7
461937,17,17,17,7
499454,22,17,17,7
507107,22,17,17,7
519236,22,17,17,7
526225,22,17,17,7
552756,22,17,17,7
559930,22,22,22,7
571052,22,22,22,7
580807,22,22,22,7
587485,22,22,22,7
595709,22,22,22,7
611761,22,22,22,7
667980,22,22,22,7
667990,22,22,22,7
681498,22,22,22,7
693194,22,22,22,7
693196,22,22,22,7
714019,22,22,22,7
768308,22,22,22,7
785065,22,22,22,7
898683,22,17,17,7
977077,22,22,22,7
996104,22,22,22,7
1015055,22,17,17,7
1029525,22,17,17,7
1057527,22,17,17,7
1070705,22,22,22,7
1070742,22,22,22,7
1070743,22,22,22,7
1078190,22,22,22,7
1085610,22,22,22,7
1088036,22,22,22,7
1088037,22,22,22,7
1089801,22,22,22,7
1090064,22,22,22,7
1090067,22,22,22,7
1090799,22,22,22,7
1091516,22,22,22,7
1094822,22,22,22,7
1099193,22,22,22,7
1099261,22,22,22,7
1108307,22,22,22,7
1122029,22,22,22,7
1122645,22,22,17,7
1125316,22,22,17,7
1146205,22,22,22,7
1148546,22,22,22,7
1148547,22,22,22,7
1151950,22,22,22,7
1163074,22,22,22,7
1173713,22,22,22,7
1176018,22,22,17,7
1179128,22,22,17,7
1181518,22,17,17,7
1184080,22,17,17,7
1184261,22,22,17,7
1184265,22,22,22,7
1186580,22,22,22,7
1196785,22,22,22,7
1196788,22,22,22,7
1214088,22,22,17,7
1221987,22,22,17,7
1222004,22,22,17,7
1274174,22,17,17,7
1281443,22,22,17,7
1281444,22,22,22,7
1282384,22,22,22,7
1282399,22,22,22,7
1298973,22,22,22,7
1304507,22,22,17,7
1305672,22,22,17,7
1307066,22,22,17,7
1307455,22,22,22,7
1308950,22,22,22,7
1314625,22,22,22,7
1319234,22,22,22,7
1320324,22,22,17,7
1322235,22,22,17,7
1322761,22,22,22,7
1330834,22,22,22,7
1330843,22,22,22,7
1362294,22,22,22,7
1362333,22,22,22,7
1388103,22,22,22,7
1388150,22,22,22,7
1398513,22,22,22,7
1422424,22,22,22,7
1422899,22,22,22,7
1433897,22,22,22,7
1469048,22,22,17,7
1485472,22,22,17,7
1565365,22,22,17,7
1566328,22,22,17,7
1571362,22,22,22,7
1571375,22,22,22,7
1571742,22,22,22,7
1581042,22,22,22,7
1589969,22,22,17,7
1600196,22,22,17,7
1601152,22,22,17,7
1609683,22,22,17,7
1610864,22,22,22,7
1610875,22,22,22,7
1630983,22,22,22,7
1630997,22,22,22,7
1631317,22,22,22,7
1631322,22,22,22,7
1647890,22,22,22,7
1651211,22,22,22,7
1664217,22,22,22,7
1664218,22,22,22,7
1667778,22,22,22,7
1667783,22,22,22,7
1668108,22,22,22,7
1679609,22,22,22,7
1687101,22,22,22,7
1687106,22,22,22,7
1687141,22,22,22,7
1687683,22,22,22,7
1695296,22,22,22,7
1696457,22,22,22,7
1711408,22,22,22,7
1711991,22,22,22,7
1716607,22,22,22,7
1716609,22,22,22,7
1721528,22,22,22,7
1722100,22,22,22,7
1723795,22,22,22,7
1737714,22,22,22,7
1738084,22,22,22,7
1755031,22,22,22,7
1777206,22,22,22,7
1778300,22,22,22,7
1784253,22,22,22,7
1789373,22,22,22,7
1793620,22,22,22,7
1819146,22,22,22,7
1820628,22,22,22,7
1821515,22,22,22,7
1821516,22,22,22,7
1847078,22,22,22,7
1855893,22,22,22,7
1858085,22,22,22,7
1877533,22,22,22,7
1880770,22,22,22,7
1887613,22,22,22,7
1904135,22,22,22,7
1904139,22,22,22,7
1905347,22,22,22,7
1905356,22,22,22,7
1907469,22,22,22,7
1907471,22,22,22,7
1911840,22,22,22,7
1920806,22,22,22,7
1922368,22,22,22,7
1927711,22,22,22,7
1927712,22,22,22,7
1932705,22,22,22,7
1932851,22,22,22,7
1936352,22,22,22,7
1939933,22,22,22,7
1942077,22,22,22,7
1942844,22,22,22,7
1944241,22,22,22,7
1953591,22,22,22,7
1977874,22,22,22,7
1988967,22,22,22,7
1999200,22,22,22,7
2012769,22,22,22,7
2013026,22,22,22,7
2013046,22,22,22,7
2017157,22,22,22,7
2017175,22,22,22,7
2032011,22,22,22,7
2036622,22,22,22,7
2036839,22,22,22,7
2041079,22,22,22,7
2041299,22,22,22,7
2041865,22,22,22,7
2041886,22,22,22,7
2042018,22,22,22,7
2042575,22,22,22,7
2042593,22,22,22,7
2042879,22,22,22,7
2042954,22,22,22,7
2049516,22,22,22,7
2055293,22,22,22,7
2056725,22,22,22,7
2059479,22,22,22,7
2059484,22,22,22,7
2062114,22,22,22,7
2063280,22,22,22,7
2063814,22,22,22,7
2067621,22,22,22,7
2097269,22,22,22,7
2108018,22,22,22,7
2108621,22,22,22,7
2115021,22,22,22,7
2125833,22,22,22,7
2135798,22,22,22,7
2140876,22,22,22,7
2144563,22,22,22,7
2161010,22,22,22,7
2161106,22,22,22,7
2161107,22,22,22,7
2161132,22,22,22,7
2161236,22,22,22,7
2161425,22,22,22,7
2161666,22,22,22,7
2164758,22,22,22,7
2164772,22,22,22,7
2165991,22,22,22,7
2205866,22,22,22,7
2213491,22,22,22,7
2240493,22,22,22,7
2241719,22,22,22,7
2246046,22,22,22,7
2246734,22,22,22,7
2246791,22,22,22,7
2246807,22,22,22,7
2246886,22,22,22,7
2246968,22,22,22,7
2247206,22,22,22,7
2247237,22,22,22,7
2247257,22,22,22,7
2247322,22,22,22,7
2247429,22,22,22,7
2248491,22,22,22,7
2258973,22,22,22,7
2266767,22,22,22,7
2267756,22,22,22,7
2271389,22,22,22,7
2271401,22,22,22,7
2272581,22,22,22,7
2278490,22,22,22,7
2283664,22,22,22,7
2283834,22,22,22,7
2296780,22,22,22,7
2301108,22,22,22,7
2306227,22,22,22,7
2324162,22,22,22,7
2332458,22,22,22,7
2342061,22,22,22,7
2352993,22,22,22,7
2359902,22,22,22,7
2360615,22,22,22,7
2360616,22,22,22,7
2360617,22,22,22,7
2360619,22,22,22,7
2360620,22,22,22,7
2360624,22,22,22,7
2360625,22,22,22,7
2360646,22,22,22,7
2361910,22,22,22,7
2386703,22,22,22,7
2391840,22,22,22,7
2405568,22,22,22,7
2414578,22,22,22,7
2415905,22,22,22,7
2422482,22,22,22,7
2423815,22,22,22,7
2431461,22,22,22,7
2443344,22,22,22,7
2452878,22,22,22,7
2466934,22,22,22,7
2468821,22,22,22,7
2482107,22,22,22,7
2484620,22,22,22,7
2495057,22,22,22,7
2503974,22,22,22,7
2504337,22,22,22,7
2505721,22,22,22,7
2514284,22,22,22,7
2524589,22,22,22,7
2528662,22,22,22,7
2544643,22,22,22,7
2545486,22,22,22,7
2545511,22,22,22,7
2546184,22,22,22,7
2548010,22,22,22,7
2551437,22,22,22,7
2551448,22,22,22,7
2560666,22,22,22,7
2561761,22,22,22,7
2561775,22,22,22,7
2564364,22,22,22,7
2574974,22,22,22,7
2574992,22,22,22,7
2579225,22,22,22,7
2580611,22,22,22,7
2580636,22,22,22,7
2584996,22,22,22,7
2591609,22,22,22,7
2591838,22,22,22,7
2623336,22,22,22,7
2636760,22,22,22,7
2640953,22,22,22,7
2653609,22,22,22,7
2653730,22,22,22,7
2661245,22,22,22,7
2661334,22,22,22,7
2671643,22,22,22,7
2687595,22,22,22,7
2695790,22,22,22,7
2710560,22,22,22,7
2711038,22,22,22,7
2712100,22,22,22,7
2724456,22,22,22,7
2728286,22,22,22,7
2732041,22,22,22,7
2733777,22,22,22,7
2737914,22,22,22,7
2737938,22,22,22,7
2738675,22,22,22,7
2738683,22,22,22,7
2738836,22,22,22,7
2741961,22,22,22,7
2750666,22,22,22,7
2755141,22,22,22,7
2758116,22,22,22,7
2763018,22,22,22,7
2763451,22,22,22,7
2763476,22,22,22,7
2764479,22,22,22,7
2765561,22,22,22,7
2771281,22,22,22,7
2777686,22,22,22,7
2778950,22,22,22,7
2779788,22,22,22,7
2782496,22,22,22,7
2784288,22,22,22,7
2788113,22,22,22,7
2803781,22,22,22,7
2807660,22,22,22,7
2808122,22,22,22,7
2820037,22,22,22,7
2820995,22,22,22,7
2821528,22,22,22,7
2821972,22,22,22,7
2824613,22,22,22,7
2827652,22,22,22,7
2828519,22,22,22,7
2831461,22,22,22,7
2831484,22,22,22,7
2831570,22,22,22,7
2833200,22,22,22,7
2836260,22,22,22,7
2836521,22,22,22,7
2840204,22,22,22,7
2843377,22,22,22,7
2843510,22,22,22,7
2847496,22,22,22,7
2847602,22,22,22,7
2864132,22,22,22,7
2869710,22,22,22,7
2878459,22,22,22,7
2884813,22,22,22,7
2885501,22,22,22,7
2890704,22,22,22,7
2891410,22,22,22,7
2897516,22,22,22,7
2897786,22,22,22,7
2905860,22,22,22,7
2905861,22,22,22,7
2908169,22,22,22,7
2916452,22,22,22,7
2922459,22,22,22,7
2922749,22,22,22,7
2926520,22,22,22,7
2931823,22,22,22,7
2931840,22,22,22,7
2934000,22,22,22,7
2941648,22,22,22,7
2942096,22,22,22,7
2951223,22,22,22,7
2960629,22,22,22,7
2971942,22,22,22,7
2973384,22,22,22,7
2973523,22,22,22,7
2974036,22,22,22,7
2974039,22,22,22,7
2974311,22,22,22,7
2976369,22,22,22,7
2978252,22,22,22,7
2985738,22,22,22,7
2987598,22,22,22,7
2989074,22,22,22,7
2989075,22,22,22,7
2991526,22,22,22,7
2994484,22,22,22,7
2998773,22,22,22,7
2998774,22,22,22,7
3001064,22,22,22,7
3006294,22,22,22,7
3006594,22,22,22,7
3007080,22,22,22,7
3011421,22,22,22,7
3017344,22,22,22,7
3021108,22,22,22,7
3022586,22,22,22,7
3024990,22,22,22,7
3025374,22,22,22,7
3027806,22,22,22,7
3029620,22,22,22,7
3030199,22,22,22,7
3030641,22,22,22,7
3031220,22,22,22,7
3032812,22,22,22,7
3037619,22,22,22,7
3037947,22,22,22,7
3038650,22,22,22,7
3042697,22,22,22,7
3044558,22,22,22,7
3044585,22,22,22,7
3047419,22,22,22,7
3048408,22,22,22,7
3048761,22,22,22,7
3048875,22,22,22,7
3056557,22,22,22,7
3056601,22,22,22,7
3062116,22,22,22,7
3064524,22,22,22,7
3065028,22,22,22,7
3067717,22,22,22,7
3072037,22,22,22,7
3072212,22,22,22,7
3075352,22,22,22,7
3076202,22,22,22,7
3078614,22,22,22,7
3079751,22,22,22,7
3079802,22,22,22,7
3081256,22,22,22,7
3082227,22,22,22,7
3084936,22,22,22,7
3089337,22,22,22,7
3089347,22,22,22,7
3092000,22,22,22,7
3092021,22,22,22,7
3093784,22,22,22,7
3100479,22,22,22,7
3100931,22,22,22,7
3102429,22,22,22,7
3102441,22,22,22,7
3104497,22,22,22,7
3105066,22,22,22,7
3106605,22,22,22,7
3107496,22,22,22,7
3109301,22,22,22,7
3109303,22,22,22,7
3112157,22,22,22,7
3118878,22,22,22,7
3124356,22,22,22,7
3127777,22,22,22,7
3127782,22,22,22,7
3129251,22,22,22,7
3141678,22,22,22,7
3142329,22,22,22,7
3152125,22,22,22,7
3162235,22,22,22,7
3163082,22,22,22,7
3169103,22,22,22,7
3184373,22,22,22,7
3196109,22,22,22,7
3210266,22,22,22,7
3237223,22,22,22,7
3260562,22,22,22,7
3282342,22,22,22,7
3287023,22,22,22,7
3294138,22,22,22,7
3309676,22,22,22,7
3319576,22,22,22,7
3320666,22,22,22,7
3325822,22,22,22,7
3356538,22,22,22,7
3360917,22,22,22,7
3360972,22,22,22,7
3363744,22,22,22,7
3363770,22,22,22,7
3375992,22,22,22,7
3385867,22,22,22,7
3386654,22,22,22,7
3386668,22,22,22,7
3388149,22,22,22,7
3392448,22,22,22,7
3400957,22,22,22,7
3402709,22,22,22,7
3408330,22,22,22,7
3422723,22,22,22,7
3427083,22,22,22,7
3427084,22,22,22,7
3427409,22,22,22,7
3445737,22,22,22,7
3446834,22,22,22,7
3447594,22,22,22,7
3447596,22,22,22,7
3452699,22,22,22,7
3452703,22,22,22,7
3461880,22,22,22,7
3468590,22,22,22,7
3476395,22,22,22,7
3483503,22,22,22,7
3484764,22,22,22,7
3494355,22,22,22,7
3507025,22,22,22,7
3507742,22,22,22,7
3508958,22,22,22,7
3512167,22,22,22,7
3514817,22,22,22,7
3516797,22,22,22,7
3516818,22,22,22,7
3530044,22,22,22,7
3531413,22,22,22,7
3535495,22,22,22,7
3536814,22,22,22,7
3540252,22,22,22,7
3543899,22,22,22,7
3544128,22,22,22,7
3546896,22,22,22,7
3547060,22,22,22,7
3550915,22,22,22,7
3550979,22,22,22,7
3551358,22,22,22,7
3558450,22,22,22,7
3558559,22,22,22,7
3559452,22,22,22,7
3562846,22,22,22,7
3562905,22,22,22,7
3563086,22,22,22,7
3568059,22,22,22,7
3572211,22,22,22,7
3572596,22,22,22,7
3573527,22,22,22,7
3582036,22,22,22,7
3583142,22,22,22,7
3583917,22,22,22,7
3589526,22,22,22,7
3592464,22,22,22,7
3592543,22,22,22,7
3601029,22,22,22,7
3601042,22,22,22,7
3601773,22,22,22,7
3603702,22,22,22,7
3603725,22,22,22,7
3606502,22,22,22,7
3606503,22,22,22,7
3606923,22,22,22,7
3608941,22,22,22,7
3610016,22,22,22,7
3614997,22,22,22,7
3619932,22,22,22,7
3622365,22,22,22,7
3623885,22,22,22,7
3623916,22,22,22,7
3625020,22,22,22,7
3626130,22,22,22,7
3626705,22,22,22,7
3629107,22,22,22,7
3630106,22,22,22,7
3630868,22,22,22,7
3631768,22,22,22,7
3632106,22,22,22,7
3635347,22,22,22,7
3637157,22,22,22,7
3640355,22,22,22,7
3652534,22,22,22,7
3654525,22,22,22,7
3654706,22,22,22,7
3666410,22,22,22,7
3669767,22,22,22,7
3672278,22,22,22,7
3673999,22,22,22,7
3674242,22,22,22,7
3675289,22,22,22,7
3676012,22,22,22,7
3682946,22,22,22,7
3685677,22,22,22,7
3686692,22,22,22,7
3687603,22,22,22,7
3688076,22,22,22,7
3694193,22,22,22,7
3696926,22,22,22,7
3696930,22,22,22,7
3697055,22,22,22,7
3697698,22,22,22,7
3698209,22,22,22,7
3698829,22,22,22,7
3699634,22,22,22,7
3699860,22,22,22,7
3700544,22,22,22,7
3714878,22,22,22,7
3715545,22,22,22,7
3715640,22,22,22,7
3717392,22,22,22,7
3723222,22,22,22,7
3727310,22,22,22,7
3738571,22,22,22,7
3738580,22,22,22,7
3741817,22,22,22,7
3743782,22,22,22,7
3743803,22,22,22,7
3747878,22,22,22,7
3748175,22,22,22,7
3759937,22,22,22,7
3767636,22,22,22,7
3767699,22,22,22,7
3776017,22,22,22,7
3778315,22,22,22,7
3785933,22,22,22,7
3792131,22,22,22,7
3792141,22,22,22,7
3794017,22,22,22,7
3798799,22,22,22,7
3801141,22,22,22,7
3802416,22,22,22,7
3804315,22,22,22,7
3805780,22,22,22,7
3806697,22,22,22,7
3807516,22,22,22,7
3809162,22,22,22,7
3815617,22,22,22,7
3816980,22,22,22,7
3817009,22,22,22,7
3822087,22,22,22,7
3844503,22,22,22,7
3853437,22,22,22,7
3853696,22,22,22,7
3855153,22,22,22,7
3865053,22,22,22,7
3874555,22,22,22,7
3877453,22,22,22,7
3906671,22,22,22,7
3913010,22,22,22,7
3920080,22,22,22,7
3939267,22,22,22,7
3939287,22,22,22,7
3944727,22,22,22,7
3948161,22,22,22,7
3948643,22,22,22,7
3948683,22,22,22,7
3951264,22,22,22,7
3956654,22,22,22,7
3957067,22,22,22,7
3966520,22,22,22,7
3966537,22,22,22,7
3970488,22,22,22,7
3974498,22,22,22,7
3974528,22,22,22,7
3980444,22,22,22,7
3980458,22,22,22,7
3982856,22,22,22,7
3982911,22,22,22,7
3986839,22,22,22,7
3999556,22,22,22,7
4010260,22,22,22,7
4010368,22,22,22,7
4011811,22,22,22,7
4015977,22,22,22,7
4020089,22,22,22,7
4028354,22,22,22,7
4029438,22,22,22,7
4033191,22,22,22,7
4040789,22,22,22,7
4055381,22,22,22,7
4058834,22,22,22,7
4060035,22,22,22,7
4061631,22,22,22,7
4066102,22,22,22,7
4066328,22,22,22,7
4071674,22,22,22,7
4077682,22,22,22,7
4078122,22,22,22,7
4087783,22,22,22,7
4094914,22,22,22,7
4104147,22,22,22,7
4104148,22,22,22,7
4104350,22,22,22,7
4104873,22,22,22,7
4106462,22,22,22,7
4106572,22,22,22,7
4106578,22,22,22,7
4116253,22,22,22,7
4117802,22,22,22,7
4117804,22,22,22,7
4119358,22,22,22,7
4120739,22,22,22,7
4120741,22,22,22,7
4125648,22,22,22,7
4126562,22,22,22,7
4129096,22,22,22,7
4129470,22,22,22,7
4130205,22,22,22,7
4134980,22,22,22,7
4137826,22,22,22,7
4138291,22,22,22,7
4143244,22,22,22,7
4144172,22,22,22,7
4144185,22,22,22,7
4145359,22,22,22,7
4145383,22,22,22,7
4159168,22,22,22,7
4165279,22,22,22,7
4177967,22,22,22,7
4177968,22,22,22,7
4186343,22,22,22,7
4187555,22,22,22,7
4195333,22,22,22,7
4195336,22,22,22,7
4195859,22,22,22,7
4195860,22,22,22,7
4197102,22,22,22,7
4201235,22,22,22,7
4214060,22,22,22,7
4219964,22,22,22,7
4219974,22,22,22,7
4222109,22,22,22,7
4223623,22,22,22,7
4224521,22,22,22,7
4227203,22,22,22,7
4230304,22,22,22,7
4231397,22,22,22,7
4231860,22,22,22,7
4235050,22,22,22,7
4238909,22,22,22,7
4239970,22,22,22,7
4244520,22,22,22,7
4262540,22,22,22,7
4264552,22,22,22,7
4264577,22,22,22,7
4272478,22,22,22,7
4277990,22,22,22,7
4277992,22,22,22,7
4278531,22,22,22,7
4282251,22,22,22,7
4286841,22,22,22,7
4287927,22,22,22,7
4287928,22,22,22,7
4289650,22,22,22,7
4289677,22,22,22,7
4297167,22,22,22,7
4301044,22,22,22,7
4301048,22,22,22,7
4306916,22,22,22,7
4307001,22,22,22,7
4308272,22,22,22,7
4317309,22,22,22,7
4318309,22,22,22,7
4318349,22,22,22,7
4324073,22,22,22,7
4324607,22,22,22,7
4328608,22,22,22,7
4331181,22,22,22,7
4345678,22,22,22,7
4345679,22,22,22,7
4351510,22,22,22,7
4351522,22,22,22,7
4353883,22,22,22,7
4360425,22,22,22,7
4361647,22,22,22,7
4364435,22,22,22,7
4364901,22,22,22,7
4364903,22,22,22,7
4366669,22,22,22,7
4368189,22,22,22,7
4371271,22,22,22,7
4373711,22,22,22,7
4376515,22,22,22,7
4379916,22,22,22,7
4381717,22,22,22,7
4383498,22,22,22,7
4386282,22,22,22,7
4386516,22,22,22,7
4386526,22,22,22,7
4391065,22,22,22,7
4391283,22,22,22,7
4395791,22,22,22,7
4398790,22,22,22,7
4399695,22,22,22,7
4401248,22,22,22,7
4403036,22,22,22,7
4407184,22,22,22,7
4408152,22,22,22,7
4408517,22,22,22,7
4408520,22,22,22,7
4409792,22,22,22,7
4409989,22,22,22,7
4416004,22,22,22,7
4417123,22,22,22,7
4418924,22,22,22,7
4419944,22,22,22,7
4422354,22,22,22,7
4423179,22,22,22,7
4423350,22,22,22,7
4424945,22,22,22,7
4428831,22,22,22,7
4432143,22,22,22,7
4433325,22,22,22,7
4435874,22,22,22,7
4439791,22,22,22,7
4441117,22,22,22,7
4441407,22,22,22,7
4442906,22,22,22,7
4442913,22,22,22,7
4453630,22,22,22,7
4469634,22,22,22,7
4469635,22,22,22,7
4475252,22,22,22,7
4477398,22,22,22,7
4488712,22,22,22,7
4489503,22,22,22,7
4493410,22,22,22,7
4496049,22,22,22,7
4501415,22,22,22,7
4527004,22,22,22,7
4534306,22,22,22,7
4538401,22,22,22,7
4540116,22,22,22,7
4546987,22,22,22,7
4549206,22,22,22,7
4551846,22,22,22,7
4556382,22,22,22,7
4557158,22,22,22,7
4563338,22,22,22,7
4564389,22,22,22,7
4566782,22,22,22,7
4566784,22,22,22,7
4568328,22,22,22,7
4568455,22,22,22,7
4568459,22,22,22,7
4569354,22,22,22,7
4574969,22,22,22,7
4575469,22,22,22,7
4577931,22,22,22,7
4579354,22,22,22,7
4582987,22,22,22,7
4586644,22,22,22,7
4589360,22,22,22,7
4590543,22,22,22,7
4592449,22,22,22,7
4594662,22,22,22,7
4595448,22,22,22,7
4597394,22,22,22,7
4598745,22,22,22,7
4601032,22,22,22,7
4606836,22,22,22,7
4615073,22,22,22,7
4615077,22,22,22,7
4619475,22,22,22,7
4624805,22,22,22,7
4639376,22,22,22,7
4641562,22,22,22,7
4643501,22,22,22,7
4646542,22,22,22,7
4646928,22,22,22,7
4649833,22,22,22,7
4651597,22,22,22,7
4654381,22,22,22,7
4673853,22,22,22,7
4673854,22,22,22,7
4682738,22,22,22,7
4683968,22,22,22,7
4695290,22,22,22,7
4695321,22,22,22,7
4705736,22,22,22,7
4706723,22,22,22,7
4710157,22,22,22,7
4710544,22,22,22,7
4716661,22,22,22,7
4717360,22,22,22,7
4717366,22,22,22,7
4725074,22,22,22,7
4725078,22,22,22,7
4725115,22,22,22,7
4725366,22,22,22,7
4725728,22,22,22,7
4725732,22,22,22,7
4725741,22,22,22,7
4726593,22,22,22,7
4727850,22,22,22,7
4727895,22,22,22,7
4729917,22,22,22,7
4731402,22,22,22,7
4732988,22,22,22,7
4733622,22,22,22,7
4734943,22,22,22,7
4738678,22,22,22,7
4739079,22,22,22,7
4740627,22,22,22,7
4741730,22,22,22,7
4741770,22,22,22,7
4741867,22,22,22,7
4742041,22,22,22,7
4742667,22,22,22,7
4743241,22,22,22,7
4744480,22,22,22,7
4747814,22,22,22,7
4748288,22,22,22,7
4755466,22,22,22,7
4756323,22,22,22,7
4756325,22,22,22,7
4756328,22,22,22,7
4757441,22,22,22,7
4759087,22,22,22,7
4763198,22,22,22,7
4764297,22,22,22,7
4765129,22,22,22,7
4765923,22,22,22,7
4766517,22,22,22,7
4766783,22,22,22,7
4767247,22,22,22,7
4770379,22,22,22,7
4772859,22,22,22,7
4773262,22,22,22,7
4773701,22,22,22,7
4775623,22,22,22,7
4779528,22,22,22,7
4786940,22,22,22,7
4791977,22,22,22,7
4797574,22,22,22,7
4798149,22,22,22,7
4798263,22,22,22,7
4799252,22,22,22,7
4800244,22,22,22,7
4800464,22,22,22,7
4802253,22,22,22,7
4804855,22,22,22,7
4806375,22,22,22,7
4808339,22,22,22,7
4808564,22,22,22,7
4810869,22,22,22,7
4810870,22,22,22,7
4813920,22,22,22,7
4814002,22,22,22,7
4816284,22,22,22,7
4816325,22,22,22,7
4819402,22,22,22,7
4820152,22,22,22,7
4820618,22,22,22,7
4820620,22,22,22,7
4821589,22,22,22,7
4821793,22,22,22,7
4825193,22,22,22,7
4827614,22,22,22,7
4828208,22,22,22,7
4829010,22,22,22,7
4829390,22,22,22,7
4830939,22,22,22,7
4831679,22,22,22,7
4831713,22,22,22,7
4831786,22,22,22,7
4833558,22,22,22,7
4836320,22,22,22,7
4838508,22,22,22,7
4842098,22,22,22,7
4842455,22,22,22,7
4845931,22,22,22,7
4846781,22,22,22,7
4847985,22,22,22,7
4849339,22,22,22,7
4853363,22,22,22,7
4862232,22,22,22,7
4867324,22,22,22,7
4878738,22,22,22,7
4882971,22,22,22,7
4884497,22,22,22,7
4884984,22,22,22,7
4885620,22,22,22,7
4887117,22,22,22,7
4887232,22,22,22,7
4887715,22,22,22,7
4887894,22,22,22,7
4888691,22,22,22,7
4889721,22,22,22,7
4890986,22,22,22,7
4891412,22,22,22,7
4892281,22,22,22,7
4894407,22,22,22,7
4894593,22,22,22,7
4896703,22,22,22,7
4897447,22,22,22,7
4898725,22,22,22,7
4905368,22,22,22,7
4905375,22,22,22,7
4907015,22,22,22,7
4910475,22,22,22,7
4910787,22,22,22,7
4911112,22,22,22,7
4917530,22,22,22,7
4924656,22,22,22,7
4926548,22,22,22,7
4931016,22,22,22,7
4931024,22,22,22,7
4933348,22,22,22,7
4933753,22,22,22,7
4936560,22,22,22,7
4937415,22,22,22,7
4941528,22,22,22,7
4941713,22,22,22,7
4941906,22,22,22,7
4943145,22,22,22,7
4944021,22,22,22,7
4945235,22,22,22,7
4945241,22,22,22,7
4946713,22,22,22,7
4948774,22,22,22,7
4949627,22,22,22,7
4949710,22,22,22,7
4950105,22,22,22,7
4953217,22,22,22,7
4954922,22,22,22,7
4955329,22,22,22,7
4955800,22,22,22,7
4956513,22,22,22,7
4959394,22,22,22,7
4959864,22,22,22,7
4961281,22,22,22,7
4961283,22,22,22,7
4963871,22,22,22,7
4963882,22,22,22,7
4968975,22,22,22,7
4970800,22,22,22,7
4972413,22,22,22,7
4973953,22,22,22,7
4976670,22,22,22,7
4985184,22,22,22,7
4986899,22,22,22,7
4987192,22,22,22,7
4991216,22,22,22,7
4993489,22,22,22,7
4993941,22,22,22,7
4993975,22,22,22,7
4993986,22,22,22,7
4996796,22,22,22,7
4998277,22,22,22,7
4999084,22,22,22,7
4999439,22,22,22,7
5002448,22,22,22,7
5004915,22,22,22,7
5006402,22,22,22,7
5006913,22,22,22,7
5008474,22,22,22,7
5009189,22,22,22,7
5009302,22,22,22,7
5009557,22,22,22,7
5011336,22,22,22,7
5013472,22,22,22,7
5020165,22,22,22,7
5022963,22,22,22,7
5024267,22,22,22,7
5025262,22,22,22,7
5027547,22,22,22,7
5028303,22,22,22,7
5028384,22,22,22,7
5028815,22,22,22,7
5033338,22,22,22,7
5033648,22,22,22,7
5039503,22,22,22,7
5049272,22,22,22,7
5052467,22,22,22,7
5060896,22,22,22,7
5060912,22,22,22,7
5069252,22,22,22,7
5069907,22,22,22,7
5075068,22,22,22,7
5079447,22,22,22,7
5079708,22,22,22,7
5084264,22,22,22,7
5092482,22,22,22,7
5094937,22,22,22,7
5096136,22,22,22,7
5109224,22,22,22,7
5110027,22,22,22,7
5110031,22,22,22,7
5110120,22,22,22,7
5113133,22,22,22,7
5113638,22,22,22,7
5114246,22,22,22,7
5115850,22,22,22,7
5124985,22,22,22,7
5129275,22,22,22,7
5135718,22,22,22,7
5136147,22,22,22,7
5137471,22,22,22,7
5142942,22,22,22,7
5147689,22,22,22,7
5148176,22,22,22,7
5154732,22,22,22,7
5155275,22,22,22,7
5164586,22,22,22,7
5165608,22,22,22,7
5171104,22,22,22,7
5180237,22,22,22,7
5193331,22,22,22,7
5202078,22,22,22,7
5202154,22,22,22,7
5202707,22,22,22,7
5202794,22,22,22,7
5202797,22,22,22,7
5202844,22,22,22,7
5208979,22,22,22,7
5210455,22,22,22,7
5212571,22,22,22,7
5215117,22,22,22,7
5217024,22,22,22,7
5218045,22,22,22,7
5218046,22,22,22,7
5221097,22,22,22,7
5221103,22,22,22,7
5223369,22,22,22,7
5223484,22,22,22,7
5225360,22,22,22,7
5226475,22,22,22,7
5227467,22,22,22,7
5227470,22,22,22,7
5229011,22,22,22,7
5233591,22,22,22,7
5236079,22,22,22,7
5240257,22,22,22,7
5248321,22,22,22,7
5259162,22,22,22,7
5266539,22,22,22,7
5270717,22,22,22,7
5275955,22,22,22,7
5280571,22,22,22,7
5280839,22,22,22,7
5281170,22,22,22,7
5287324,22,22,22,7
5291781,22,22,22,7
5296537,22,22,22,7
5300019,22,22,22,7
5300411,22,22,22,7
5302207,22,22,22,7
5308165,22,22,22,7
5308627,22,22,22,7
5308693,22,22,22,7
5308695,22,22,22,7
5313309,22,22,22,7
5313532,22,22,22,7
5313533,22,22,22,7
5315258,22,22,22,7
5315439,22,22,22,7
5315462,22,22,22,7
5317383,22,22,22,7
5317388,22,22,22,7
5318708,22,22,22,7
5319417,22,22,22,7
5320434,22,22,22,7
5325240,22,22,22,7
5326064,22,22,22,7
5326083,22,22,22,7
5327676,22,22,22,7
5329265,22,22,22,7
5330978,22,22,22,7
5334014,22,22,22,7
5339397,22,22,22,7
5339601,22,22,22,7
5341001,22,22,22,7
5342140,22,22,22,7
5354218,22,22,22,7
5363331,22,22,22,7
5371839,22,22,22,7
5373318,22,22,22,7
5374755,22,22,22,7
5376990,22,22,22,7
5377007,22,22,22,7
5377437,22,22,22,7
5391494,22,22,22,7
5395000,22,22,22,7
5395001,22,22,22,7
5398939,22,22,22,7
5404100,22,22,22,7
5405694,22,22,22,7
5415883,22,22,22,7
5416819,22,22,22,7
5423949,22,22,22,7
5429889,22,22,22,7
5441443,22,22,22,7
5441570,22,22,22,7
5443514,22,22,22,7
5445705,22,22,22,7
5453803,22,22,22,7
5454052,22,22,22,7
5454357,22,22,22,7
5456433,22,22,22,7
5459892,22,22,22,7
5465672,22,22,22,7
5465993,22,22,22,7
5472497,22,22,22,7
5472498,22,22,22,7
5473256,22,22,22,7
5473262,22,22,22,7
5477249,22,22,22,7
5480778,22,22,22,7
5489056,22,22,22,7
5489817,22,22,22,7
5496314,22,22,22,7
5498337,22,22,22,7
5521686,22,22,22,7
5525719,22,22,22,7
5530356,22,22,22,7
5530424,22,22,22,7
5563111,22,22,22,7
5575015,22,22,22,7
5588384,22,22,22,7
5605553,22,22,22,7
5606601,22,22,22,7
5617524,22,22,22,7
5630814,22,22,22,7
5633391,22,22,22,7
5633502,22,22,22,7
5639432,22,22,22,7
5654893,22,22,22,7
5657113,22,22,22,7
5667931,22,22,22,7
5695049,22,22,22,7
5697665,22,22,22,7
5704317,22,22,22,7
5712314,22,22,22,7
5720750,22,22,22,7
5729450,22,22,22,7
5734881,22,22,22,7
5741917,22,22,22,7
5747170,22,22,22,7
5760891,22,22,22,7
5762912,22,22,22,7
5762914,22,22,22,7
5798255,22,22,22,7
5810040,22,22,22,7
5827823,22,22,22,7
5830938,22,22,22,7
5830939,22,22,22,7
5833126,22,22,22,7
5833143,22,22,22,7
5841418,22,22,22,7
5845412,22,22,22,7
5848209,22,22,22,7
5867365,22,22,22,7
5867383,22,22,22,7
5869646,22,22,22,7
5869869,22,22,22,7
5880247,22,22,22,7
5891800,22,22,22,7
5896988,22,22,22,7
5900949,22,22,22,7
5920826,22,22,22,7
5934936,22,22,22,7
5950068,22,22,22,7
5957181,22,22,22,7
5957311,22,22,22,7
5985185,22,22,22,7
5987082,22,22,22,7
5987096,22,22,22,7
5987750,22,22,22,7
5999106,22,22,22,7
6000093,22,22,22,7
6000410,22,22,22,7
6000849,22,22,22,7
6003339,22,22,22,7
6007600,22,22,22,7
6008426,22,22,22,7
6008657,22,22,22,7
6009718,22,22,22,7
6010074,22,22,22,7
6019535,22,22,22,7
6024171,22,22,22,7
6024179,22,22,22,7
6024202,22,22,22,7
6027225,22,22,22,7
6030042,22,22,22,7
6030204,22,22,22,7
6031149,22,22,22,7
6036474,22,22,22,7
6043848,22,22,22,7
6044235,22,22,22,7
6048024,22,22,22,7
6048560,22,22,22,7
6049141,22,22,22,7
6050288,22,22,22,7
6057524,22,22,22,7
6057548,22,22,22,7
6060157,22,22,22,7
6060604,22,22,22,7
6060811,22,22,22,7
6067502,22,22,22,7
6068224,22,22,22,7
6069134,22,22,22,7
6069250,22,22,22,7
6071193,22,22,22,7
6083650,22,22,22,7
6084928,22,22,22,7
6086175,22,22,22,7
6086314,22,22,22,7
6099860,22,22,22,7
6112598,22,22,22,7
6115194,22,22,22,7
6115474,22,22,22,7
6123093,22,22,22,7
6124364,22,22,22,7
6127246,22,22,22,7
6127845,22,22,22,7
6133054,22,22,22,7
6133139,22,22,22,7
6134724,22,22,22,7
6134728,22,22,22,7
6139548,22,22,22,7
6148671,22,22,22,7
6159764,22,22,22,7
6161367,22,22,22,7
6175066,22,22,22,7
6175069,22,22,22,7
6184166,22,22,22,7
6184167,22,22,22,7
6185771,22,22,22,7
6186011,22,22,22,7
6186475,22,22,22,7
6186678,22,22,22,7
6202211,22,22,22,7
6202460,22,22,22,7
6203069,22,22,22,7
6203624,22,22,22,7
6205706,22,22,22,7
6205852,22,22,22,7
6208263,22,22,22,7
6209180,22,22,22,7
6210317,22,22,22,7
6210513,22,22,22,7
6220409,22,22,22,7
6221981,22,22,22,7
6228453,22,22,22,7
6289818,22,22,22,7
6296111,22,22,22,7
6298793,22,22,22,7
6302082,22,22,22,7
6311058,22,22,22,7
6311061,22,22,22,7
6312851,22,22,22,7
6317490,22,22,22,7
6323218,22,22,22,7
6324270,22,22,22,7
6332654,22,22,22,7
6335622,22,22,22,7
6375800,22,22,22,7
6391532,22,22,22,7
6419521,22,22,22,7
6419769,22,22,22,7
6419775,22,22,22,7
6429910,22,22,22,7
6429919,22,22,22,7
6430165,22,22,22,7
6430177,22,22,22,7
6430228,22,22,22,7
6430422,22,22,22,7
6431045,22,22,22,7
6432576,22,22,22,7
6432578,22,22,22,7
6435136,22,22,22,7
6437336,22,22,22,7
6437338,22,22,22,7
6440420,22,22,22,7
6441054,22,22,22,7
6441059,22,22,22,7
6447560,22,22,22,7
6447826,22,22,22,7
6448012,22,22,22,7
6449212,22,22,22,7
6449433,22,22,22,7
6462101,22,22,22,7
6462106,22,22,22,7
6462488,22,22,22,7
6462515,22,22,22,7
6464705,22,22,22,7
6465770,22,22,22,7
6468018,22,22,22,7
6468333,22,22,22,7
6475733,22,22,22,7
6479542,22,22,22,7
6479711,22,22,22,7
6479878,22,22,22,7
6479879,22,22,22,7
6481379,22,22,22,7
6481700,22,22,22,7
6481867,22,22,22,7
6487491,22,22,22,7
6487495,22,22,22,7
6489750,22,22,22,7
6490265,22,22,22,7
6492062,22,22,22,7
6492146,22,22,22,7
6496158,22,22,22,7
6497081,22,22,22,7
6497214,22,22,22,7
6497218,22,22,22,7
6497664,22,22,22,7
6497668,22,22,22,7
6499108,22,22,22,7
6499715,22,22,22,7
6499717,22,22,22,7
6502024,22,22,22,7
6502676,22,22,22,7
6502825,22,22,22,7
6502828,22,22,22,7
6505275,22,22,22,7
6505283,22,22,22,7
6505413,22,22,22,7
6505455,22,22,22,7
6506687,22,22,22,7
6508540,22,22,22,7
6508827,22,22,22,7
6512847,22,22,22,7
6512848,22,22,22,7
6517386,22,22,22,7
6520919,22,22,22,7
6521844,22,22,22,7
6521855,22,22,22,7
6524256,22,22,22,7
6526570,22,22,22,7
6532476,22,22,22,7
6532776,22,22,22,7
6533296,22,22,22,7
6534514,22,22,22,7
6534515,22,22,22,7
6534656,22,22,22,7
6534657,22,22,22,7
6535080,22,22,22,7
6535081,22,22,22,7
6537092,22,22,22,7
6538909,22,22,22,7
6538910,22,22,22,7
6540615,22,22,22,7
6540619,22,22,22,7
6543868,22,22,22,7
6545788,22,22,22,7
6552690,22,22,22,7
6552894,22,22,22,7
6553670,22,22,22,7
6554537,22,22,22,7
6555338,22,22,22,7
6557206,22,22,22,7
6559245,22,22,22,7
6572223,22,22,22,7
6572542,22,22,22,7
6573799,22,22,22,7
6574419,22,22,22,7
6574426,22,22,22,7
6574833,22,22,22,7
6575210,22,22,22,7
6576983,22,22,22,7
6577499,22,22,22,7
6577600,22,22,22,7
6577605,22,22,22,7
6577816,22,22,22,7
6577820,22,22,22,7
6579174,22,22,22,7
6581489,22,22,22,7
6582331,22,22,22,7
6582673,22,22,22,7
6583588,22,22,22,7
6584791,22,22,22,7
6588537,22,22,22,7
6591789,22,22,22,7
6591790,22,22,22,7
6595808,22,22,22,7
6599462,22,22,22,7
6605872,22,22,22,7
6607835,22,22,22,7
6614036,22,22,22,7
6615312,22,22,22,7
6626994,22,22,22,7
6628958,22,22,22,7
6631279,22,22,22,7
6633940,22,22,22,7
6636792,22,22,22,7
6638426,22,22,22,7
6642379,22,22,22,7
6643842,22,22,22,7
6644171,22,22,22,7
6648404,22,22,22,7
6650154,22,22,22,7
6650792,22,22,22,7
6652113,22,22,22,7
6652401,22,22,22,7
6656316,22,22,22,7
6657717,22,22,22,7
6659693,22,22,22,7
6664168,22,22,22,7
6664842,22,22,22,7
6666817,22,22,22,7
6668807,22,22,22,7
6669208,22,22,22,7
6670057,22,22,22,7
6671391,22,22,22,7
6674177,22,22,22,7
6674366,22,22,22,7
6677490,22,22,22,7
6677852,22,22,22,7
6677854,22,22,22,7
6678567,22,22,22,7
6679595,22,22,22,7
6682419,22,22,22,7
6685695,22,22,22,7
6688118,22,22,22,7
6688327,22,22,22,7
6688738,22,22,22,7
6688909,22,22,22,7
6695125,22,22,22,7
6696768,22,22,22,7
6697676,22,22,22,7
6698667,22,22,22,7
6700898,22,22,22,7
6705761,22,22,22,7
6712451,22,22,22,7
6714028,22,22,22,7
6715339,22,22,22,7
6719753,22,22,22,7
6721779,22,22,22,7
6722163,22,22,22,7
6722605,22,22,22,7
6726597,22,22,22,7
6727697,22,22,22,7
6731166,22,22,22,7
6735185,22,22,22,7
6735915,22,22,22,7
6749909,22,22,22,7
6753490,22,22,22,7
6762840,22,22,22,7
6763905,22,22,22,7
6764620,22,22,22,7
6782555,22,22,22,7
6792435,22,22,22,7
6797588,22,22,22,7
6800039,22,22,22,7
6803627,22,22,22,7
6805670,22,22,22,7
6823731,22,22,22,7
6839635,22,22,22,7
6844280,22,22,22,7
6846629,22,22,22,7
6850705,22,22,22,7
6863253,22,22,22,7
6871624,22,22,22,7
6871627,22,22,22,7
6881607,22,22,22,7
6888749,22,22,22,7
6890032,22,22,22,7
6901770,22,22,22,7
6919942,22,22,22,7
6922653,22,22,22,7
6922772,22,22,22,7
6925550,22,22,22,7
6926135,22,22,22,7
6928879,22,22,22,7
6936557,22,22,22,7
6937344,22,22,22,7
6951540,22,22,22,7
6954273,22,22,22,7
6960591,22,22,22,7
6971156,22,22,22,7
6975081,22,22,22,7
6980890,22,22,22,7
6986209,22,22,22,7
6986210,22,22,22,7
6993278,22,22,22,7
6994773,22,22,22,7
6999469,22,22,22,7
6999954,22,22,22,7
7008416,22,22,22,7
7008630,22,22,22,7
7012292,22,22,22,7
7017171,22,22,22,7
7018319,22,22,22,7
7029788,22,22,22,7
7030173,22,22,22,7
7030589,22,22,22,7
7030704,22,22,22,7
7030891,22,22,22,7
7032295,22,22,22,7
7032551,22,22,22,7
7034133,22,22,22,7
7035753,22,22,22,7
7039368,22,22,22,7
7039439,22,22,22,7
7041851,22,22,22,7
7042935,22,22,22,7
7048263,22,22,22,7
7048428,22,22,22,7
7049087,22,22,22,7
7053431,22,22,22,7
7053433,22,22,22,7
7065486,22,22,22,7
7066260,22,22,22,7
7070358,22,22,22,7
7072848,22,22,22,7
7072849,22,22,22,7
7096433,22,22,22,7
7096437,22,22,22,7
7107019,22,22,22,7
7109193,22,22,22,7
7130172,22,22,22,7
7133281,22,22,22,7
7133391,22,22,22,7
7133925,22,22,22,7
7149001,22,22,22,7
7153471,22,22,22,7
7156471,22,22,22,7
7181320,22,22,22,7
7181487,22,22,22,7
7183265,22,22,22,7
7198162,22,22,22,7
7219984,22,22,22,7
7221519,22,22,22,7
7222069,22,22,22,7
7223704,22,22,22,7
7224575,22,22,22,7
7250871,22,22,22,7
7254574,22,22,22,7
7267172,22,22,22,7
7285284,22,22,22,7
7336597,22,22,22,7
7337415,22,22,22,7
7337591,22,22,22,7
7354701,22,22,22,7
7364538,22,22,22,7
7364539,22,22,22,7
7370263,22,22,22,7
7376832,22,22,22,7
7392034,22,22,22,7
7398974,22,22,22,7
7400532,22,22,22,7
7414570,22,22,22,7
7446446,22,22,22,7
7447948,22,22,22,7
7453331,22,22,22,7
7467731,22,22,22,7
7484489,22,22,22,7
7488218,22,22,22,7
7499094,22,22,22,7
7518005,22,22,22,7
7549655,22,22,22,7
7559321,22,22,22,7
7586650,22,22,22,7
7633543,22,22,22,7
7638366,22,22,22,7
7647092,22,22,22,7
7695979,22,22,22,7
7742218,22,22,22,7
7745628,22,22,22,7
7770158,22,22,22,7
7772019,22,22,22,7
7773798,22,22,22,7
7774433,22,22,22,7
7774511,22,22,22,7
7774723,22,22,22,7
7775273,22,22,22,7
7778788,22,22,22,7
7781473,22,22,22,7
7781994,22,22,22,7
7781996,22,22,22,7
7782507,22,22,22,7
7783411,22,22,22,7
7783531,22,22,22,7
7787393,22,22,22,7
7787507,22,22,22,7
7787734,22,22,22,7
7789460,22,22,22,7
7797196,22,22,22,7
7811787,22,22,22,7
7837454,22,22,22,7
7841324,22,22,22,7
7857626,22,22,22,7
7858722,22,22,22,7
7860443,22,22,22,7
7874425,22,22,22,7
7910536,22,22,22,7
7948829,22,22,22,7
7965185,22,22,22,7
7988636,22,22,22,7
7994127,22,22,22,7
8006942,22,22,22,7
8078118,22,22,22,7
8141808,22,22,22,7
8173585,22,22,22,7
8179799,22,22,22,7
8260737,22,22,22,7
8317192,22,22,22,7
8317210,22,22,22,7
8355956,22,22,22,7
8416169,22,22,22,7
8428034,22,22,22,7
8465260,22,22,22,7
8499031,22,22,22,7
8551231,22,22,22,7
8660262,22,22,22,7
8700531,22,22,22,7
8733349,22,22,22,7
8784076,22,22,22,7
8793587,22,22,22,7
8835137,22,22,22,7
8852201,22,22,22,7
8926261,22,22,22,7
9057542,22,22,22,7
9110715,22,22,22,7
9119256,22,22,22,7
9282587,22,22,22,7
9358551,22,22,22,7
9465001,22,22,22,7
9470851,22,22,22,7
9489943,22,22,22,7
9503803,22,22,22,7
9525533,22,22,17,7
9602441,22,22,17,7
9647320,22,22,17,7
9684664,22,22,17,7
9762508,22,22,17,7
9781869,22,22,17,7
9804349,22,17,17,7
9827203,22,17,17,7
9859033,22,17,17,7
9865801,22,17,17,7
9883971,22,17,17,7
9921456,22,17,17,7
9980482,22,17,17,7
10071974,22,17,17,7
10200661,22,17,17,7
10326312,22,17,17,7
10364096,22,17,17,7
10367490,22,17,17,7
10404387,22,17,17,7
10502315,22,17,12,7
10585024,22,17,12,7
10598664,22,17,12,7
10772713,17,17,17,7
10917324,17,17,17,7
11008862,17,17,12,7
11013022,17,17,12,7
11195887,17,17,12,7
11306033,17,12,12,7
11332862,17,12,12,7
11531756,17,12,12,7
11674192,17,12,12,7
11752468,17,12,12,7
11800063,17,12,12,7
11808422,17,12,12,7
11901239,17,12,12,7
11953805,17,12,12,7
12243462,17,12,12,7
12270327,17,12,12,7
12292546,17,12,12,7
12466110,17,12,12,7
12566923,17,12,12,7
12696379,17,12,12,7
12832739,17,12,12,7
12983291,12,12,12,7
12983984,12,12,12,7
13045668,12,12,12,7
13137751,12,12,7,7
13154496,12,12,7,7
13259982,12,12,7,7
13463782,12,12,7,7
13510321,12,12,7,7
13718756,12,12,7,7
13816418,12,12,7,7
13878595,12,12,7,7
14008816,12,12,7,7
14188819,12,12,7,7
14239771,12,12,7,7
14546505,12,12,7,7
14696363,12,12,7,7
14917417,12,12,7,7
15091006,12,12,7,7
15591235,12,12,7,7
15776266,12,12,7,7
16170901,12,12,7,7
16557151,12,12,7,7
16727893,12,12,7,7
17063485,12,12,7,7
17369521,12,12,7,7
17513638,12,12,7,7
17836655,12,12,7,7
17897776,12,12,7,7
17977843,12,12,7,7
18326671,12,12,7,7
18493254,12,12,7,7
18645648,12,12,7,7
18890538,12,12,7,7
19011447,12,12,7,7
19305652,12,12,7,7
19475612,12,12,7,7
19790369,12,12,7,7
19837842,12,12,7,7
20040768,12,12,7,7
20625776,12,12,7,7
20904258,12,12,7,7
21237488,12,12,7,7
21534915,12,12,7,7
21672837,12,12,7,7
21923668,12,12,7,7
22163842,12,12,7,7
22640351,12,12,7,7
22862909,12,12,7,7
23061045,12,12,7,7
23335883,12,12,7,7
23795763,12,12,7,7
24475543,12,12,7,7
24670547,12,12,7,7
25079546,12,12,7,7
25536979,12,12,7,7
26166685,12,12,7,7
26627608,12,12,7,7
27065713,12,12,7,7
27473941,12,12,7,7
28316205,12,12,7,7
28499499,12,12,7,7
28846766,12,12,7,7
29119105,12,12,7,7
29622003,12,12,7,7
30202207,12,12,7,7
30469563,12,12,7,7
30819478,12,12,7,7
31405709,12,12,7,7
31617959,12,12,7,7
32098373,12,12,7,7
32737778,12,12,7,7
33355045,12,7,7,7
33628717,12,7,7,7
34124247,12,7,7,7
34524610,12,7,7,7
34983002,12,7,7,7
35362475,12,7,7,7
35625930,12,7,7,7
35926257,12,7,7,7
36508690,12,7,7,7
36956368,12,7,7,7
37398618,12,7,7,7
38098703,12,7,7,7
39209083,12,7,7,7
39336441,12,7,7,7
39612965,12,7,7,7
40162551,12,7,7,7
42396742,7,7,7,7
42439900,7,7,7,7
43488133,7,7,7,7
45345101,7,7,7,7
46162086,7,7,7,7
47109448,7,7,7,7
48185352,7,7,7,7
48610830,7,7,7,7
49464389,7,7,7,7
50494701,7,7,7,7
51652289,7,7,7,7
52509933,7,7,7,7
53465835,7,7,7,7
55997454,7,7,7,7
59214181,7,7,7,7
60434508,7,7,7,7
62779388,7,7,7,7
63611129,7,7,7,7
64808995,7,7,7,7
66322303,7,7,7,7
67128274,7,7,7,7
69260234,7,7,7,7
