job_id,model_name,duration,submit_time,num_gpu,,,
0,b,95121,0,1,,,a
1,a,10000,6,1,,,b
2,c,27788,6,1,,,c
3,b,1104675,6,1,,,d
4,b,47442,10,1,,,e
5,c,2388099,11,1,,,f
6,e,2799809,12,1,,,
7,d,96431,14,1,,,
8,a,71711,17,1,,,
9,a,214573,18,1,,,
10,d,2788612,21,1,,,
11,e,138497,22,1,,,
12,c,1197774,25,1,,,
13,e,164354,26,1,,,
14,e,2403295,29,1,,,
15,a,282992,30,1,,,
16,a,926043,44477,1,,,
17,e,1225706,44477,1,,,
18,c,43515,44488,1,,,
19,f,1871555,44488,1,,,
20,b,3165582,44497,1,,,
21,c,354879,44498,1,,,
22,c,205417,44500,1,,,
23,d,1058998,44500,1,,,
24,d,6426,44506,1,,,
25,a,354579,44507,1,,,
26,b,2690105,44508,1,,,
27,e,161278,44508,1,,,
28,f,173390,224994,1,,,
29,e,2187333,224997,1,,,
30,f,8160,224999,1,,,
31,c,3533495,225000,1,,,
32,a,2488,225010,1,,,
33,b,104567,225012,1,,,
34,a,915833,225015,1,,,
35,c,1129705,225016,1,,,
36,a,10288513,291278,4,,,
37,f,2411821,291287,4,,,
38,f,330086,291295,4,,,
39,c,3349075,291300,4,,,
40,b,9294745,291309,4,,,
41,f,74483,291313,4,,,
42,f,2239303,291315,4,,,
43,d,29809229,291317,4,,,
44,e,35167161,343915,4,,,
45,a,1934260,343918,4,,,
46,c,45344643,343923,4,,,
47,d,669539,343925,4,,,
48,b,12331341,343968,4,,,
49,c,1075842,343982,4,,,
50,f,20595407,343996,4,,,
51,b,15386853,343999,4,,,
52,e,9046555,510176,4,,,
53,c,92915,510191,4,,,
54,e,731668,510211,4,,,
55,e,80100,632320,4,,,
56,e,689277,632320,4,,,
57,e,64520,632336,4,,,
58,f,55260,632338,4,,,
59,f,2016359,719719,2,,,
60,d,1163489,719728,2,,,
61,a,4338676,719742,2,,,
62,e,329010,719748,2,,,
63,d,144288,719754,2,,,
64,b,307293,719767,2,,,
65,c,330045,719816,2,,,
66,f,345135,719849,2,,,
67,b,27316089,769021,2,,,
68,b,5543106,769058,2,,,
69,c,40079335,769060,2,,,
70,d,3049368,769060,2,,,
71,a,3049319,769074,2,,,
72,d,2748946,769093,2,,,
73,d,9494037,769100,2,,,
74,d,2688813,769106,2,,,
75,b,37166405,769128,2,,,
76,e,1085508,810492,4,,,
77,b,8687549,810498,4,,,
78,a,8717369,810513,4,,,
79,f,1912884,810521,4,,,
80,d,21473827,810528,4,,,
81,c,25724720,810542,4,,,
82,f,4235980,810548,4,,,
83,a,1344014,810564,4,,,
84,d,18091594,810573,4,,,
85,f,2210569,810588,4,,,
86,f,56461,810604,4,,,
87,e,4486215,810619,4,,,
88,f,12980336,810624,4,,,
89,d,1231559,810916,4,,,
90,b,10509017,810916,4,,,
91,d,1409109,810994,4,,,
92,b,668015,810997,4,,,
93,f,4856485,960932,2,,,
94,c,10943195,960936,2,,,
95,b,18214782,960939,2,,,
96,e,2251842,960944,2,,,
97,a,1499754,960948,2,,,
98,a,23781664,960951,2,,,
99,a,12001051,960956,2,,,
100,e,1293269,960960,2,,,
101,a,4365113,960964,2,,,
102,b,2462520,960968,2,,,
103,e,11306132,960971,2,,,
104,c,2401851,960974,2,,,
105,b,2686488,960978,2,,,
106,b,3747881,960981,2,,,
107,b,5607708,960985,2,,,
108,d,4362170,960989,2,,,
109,b,17273063,960993,2,,,
110,b,28346190,960997,2,,,
111,c,129898,961001,2,,,
112,f,801886,961004,2,,,
113,f,131445971,961008,2,,,
114,b,16801492,961011,2,,,
115,f,16813469,961015,2,,,
116,b,409436,961019,2,,,
117,b,23673,961023,2,,,
118,e,674670,961026,2,,,
119,c,1726919,961030,2,,,
120,d,3089300,961033,2,,,
121,e,2298583,961036,2,,,
122,e,69713,961041,2,,,
123,e,8988097,961045,2,,,
124,e,38311,961048,2,,,
125,c,1229192,961051,2,,,
126,b,55829,961055,2,,,
127,a,16265970,961058,2,,,
128,a,835654,961062,2,,,
129,c,20250389,961065,2,,,
130,e,670823,961069,2,,,
131,a,2202747,961072,2,,,
132,a,2163411,961075,2,,,
133,a,105235,961078,2,,,
134,a,37728469,961082,2,,,
135,a,288511,961086,2,,,
136,b,12480310,961089,2,,,
137,e,1331392,961092,2,,,
138,a,2974364,961095,2,,,
139,b,62574808,961099,2,,,
140,d,452474,961102,2,,,
141,d,83048,961106,2,,,
142,b,160362,961109,2,,,
143,f,3374608,961114,2,,,
144,c,552591,961118,2,,,
145,a,3209002,961121,2,,,
146,b,1396021,961125,2,,,
147,a,3986008,961129,2,,,
148,b,2354580,961132,2,,,
149,a,35714321,961136,2,,,
150,e,8589837,961140,2,,,
151,b,41336,961143,2,,,
152,d,3475787,961147,2,,,
153,f,1581579,961150,2,,,
154,e,846364,961153,2,,,
155,f,29222951,961157,2,,,
156,c,111787,961160,2,,,
157,f,509379,961164,2,,,
158,f,13809315,961168,2,,,
159,e,123337,961171,2,,,
160,e,1248878,961174,2,,,
161,f,6321555,961178,2,,,
162,e,1244502,961181,2,,,
163,e,4438687,961185,2,,,
164,e,13697518,961188,2,,,
165,a,529821,961191,2,,,
166,d,19098834,961194,2,,,
167,c,42372279,961197,2,,,
168,b,232861,961201,2,,,
169,e,696533,961204,2,,,
170,d,57838,961208,2,,,
171,b,487330,961211,2,,,
172,a,4511552,961215,2,,,
173,f,11238569,961218,2,,,
174,c,30389,961222,2,,,
175,b,9941411,961225,2,,,
176,e,10180764,961229,2,,,
177,b,54078,961233,2,,,
178,f,5286579,961236,2,,,
179,d,20851722,961239,2,,,
180,f,4116677,961242,2,,,
181,b,51020,961246,2,,,
182,d,3303871,961249,2,,,
183,f,7405397,961253,2,,,
184,b,5442415,961256,2,,,
185,f,14027203,961259,2,,,
186,a,1552369,961263,2,,,
187,c,9280612,961267,2,,,
188,d,5717927,961270,2,,,
189,f,7191707,961273,2,,,
190,d,14137107,961277,2,,,
191,f,23107041,961280,2,,,
192,d,3669869,961283,2,,,
193,f,838071,961287,2,,,
194,a,1659740,961290,2,,,
195,f,44984,961295,2,,,
196,b,2092351,961298,2,,,
197,e,27890298,961301,2,,,
198,e,965540,961305,2,,,
199,f,60778,961308,2,,,
200,a,1134145,961312,2,,,
201,d,7655866,961315,2,,,
202,a,57433,961318,2,,,
203,d,10622015,961325,2,,,
204,f,14632416,961329,2,,,
205,a,613342,961332,2,,,
206,b,7664165,961336,2,,,
207,c,15448626,961339,2,,,
208,f,1138352,961343,2,,,
209,b,10389843,961346,2,,,
210,e,1012564,961349,2,,,
211,d,10974742,961356,2,,,
212,a,71896,961361,2,,,
213,d,6576909,961366,2,,,
214,d,3033972,1730146,4,,,
215,d,649033,1730160,4,,,
216,c,4492756,1730161,4,,,
217,e,19662589,1730177,4,,,
218,a,37592280,1730179,4,,,
219,a,2335308,1730194,4,,,
220,d,26324334,1730199,4,,,
221,d,13116159,1730202,4,,,
222,c,9883630,1730215,4,,,
223,e,175928,1730216,4,,,
224,e,1997433,1730223,4,,,
225,e,906959,1743036,2,,,
226,c,728941,1743040,2,,,
227,f,790443,1743044,2,,,
228,e,1612723,1743049,2,,,
229,c,88559572,1743052,2,,,
230,e,11594602,1743056,2,,,
231,f,12029384,1743063,2,,,
232,b,77588,1743067,2,,,
233,f,66210,1743072,2,,,
234,e,5009646,1743075,2,,,
235,b,278922,1743079,2,,,
236,f,10646591,1743083,2,,,
237,a,793899,1743086,2,,,
238,b,77328,1743092,2,,,
239,c,11815905,1743099,2,,,
240,b,2801203,1743103,2,,,
241,d,5379913,1743106,2,,,
242,a,116131334,1743111,2,,,
243,e,3279022,1743115,2,,,
244,f,13763490,1743118,2,,,
245,d,7141668,1743121,2,,,
246,b,273633,1743125,2,,,
247,b,43017,1743130,2,,,
248,e,2366357,1743133,2,,,
249,f,5023619,1743137,2,,,
250,b,10444677,1743140,2,,,
251,b,73108,1743145,2,,,
252,b,140567,1743149,2,,,
253,e,1318556,1743159,2,,,
254,e,30768893,1743163,2,,,
255,c,1591897,1743167,2,,,
256,d,147416,1743175,2,,,
257,e,5352141,1743187,2,,,
258,f,919463,1743190,2,,,
259,f,77457,1743194,2,,,
260,c,1239296,1743198,2,,,
261,e,2734474,1743209,2,,,
262,d,43942805,1743212,2,,,
263,a,313736,1743219,2,,,
264,a,3635849,1829625,2,,,
265,f,377871,1829629,2,,,
266,e,118643,1829632,2,,,
267,d,3662891,1829645,2,,,
268,b,928709,1829649,2,,,
269,f,261181,1829653,2,,,
270,a,2576939,1829663,2,,,
271,c,8020533,1829671,2,,,
272,a,214364,1829675,2,,,
273,f,770751,1829683,2,,,
274,d,7629659,1829691,2,,,
275,a,42593,1829695,2,,,
276,b,59501252,1829698,2,,,
277,a,14004745,1829702,2,,,
278,d,3291629,1829707,2,,,
279,a,981202,1829716,2,,,
280,b,730120,1829720,2,,,
281,b,4243351,1829724,2,,,
282,c,4886562,1829727,2,,,
283,b,18039,1837887,1,,,
284,a,2509266,1837896,1,,,
285,e,955811,1837914,1,,,
286,e,33380,1837922,1,,,
287,c,712381,1837931,1,,,
288,b,338446,1837940,1,,,
289,f,37684,1837949,1,,,
290,e,87845,1837957,1,,,
291,e,16092,1837969,1,,,
292,f,3719303,1837978,1,,,
293,e,3988184,1837987,1,,,
294,f,2139730,1837996,1,,,
295,b,536435,1838005,1,,,
296,b,29189,1838014,1,,,
297,f,622765,1838022,1,,,
298,a,784679,1838038,1,,,
299,b,281846,1838046,1,,,
300,d,243900,1838055,1,,,
301,b,17387,1838064,1,,,
302,f,441027,1838073,1,,,
303,a,277312,1838081,1,,,
304,c,30814,1838090,1,,,
305,a,25910,1838105,1,,,
306,f,3543691,1838115,1,,,
307,b,78212,1838123,1,,,
308,a,3715504,1838132,1,,,
309,a,297078,1838141,1,,,
310,f,38043,1838151,1,,,
311,c,4593214,1838162,1,,,
312,b,136261,1838174,1,,,
313,d,72944,1838185,1,,,
314,e,35651,1838201,1,,,
315,c,36029,1838219,1,,,
316,b,5317669,1838230,1,,,
317,a,1257037,1838242,1,,,
318,f,623150,1838250,1,,,
319,c,5041181,1838258,1,,,
320,b,301443,1838268,1,,,
321,e,37730,1838276,1,,,
322,b,1457937,1838284,1,,,
323,f,551267,1838303,1,,,
324,d,9031425,1838312,1,,,
325,b,11357669,1838320,1,,,
326,d,7818773,1838339,1,,,
327,d,2892194,1838348,1,,,
328,a,39983,1838357,1,,,
329,d,6344586,1838366,1,,,
330,d,6944839,1838379,1,,,
331,d,13502189,1838389,1,,,
332,c,960583,1838397,1,,,
333,c,860427,1838407,1,,,
334,d,547332,1838416,1,,,
335,a,4256293,1838434,1,,,
336,a,341776,1838448,1,,,
337,b,554171,1838466,1,,,
338,f,111827,1838474,1,,,
339,b,1239110,1838483,1,,,
340,f,13410412,1838492,1,,,
341,e,40548,1838500,1,,,
342,c,3293571,1838525,1,,,
343,f,70601,1838535,1,,,
344,f,2000840,1838543,1,,,
345,f,9236024,1838551,1,,,
346,e,673540,1838560,1,,,
347,b,31928,1838569,1,,,
348,c,194804,1838585,1,,,
349,b,807911,1838594,1,,,
350,f,5140600,1838603,1,,,
351,e,659034,1838611,1,,,
352,d,7268451,1838619,1,,,
353,e,37566,1838628,1,,,
354,d,66738,1838637,1,,,
355,d,8695266,1838653,1,,,
356,b,53933,1838662,1,,,
357,b,9445737,1838671,1,,,
358,b,7439686,1838680,1,,,
359,d,2041589,1838688,1,,,
360,f,810392,1838697,1,,,
361,c,3283074,1838705,1,,,
362,e,5022090,1838714,1,,,
363,d,36300,1838723,1,,,
364,c,658429,1838732,1,,,
365,e,2714813,1838741,1,,,
366,a,472865,1838750,1,,,
367,a,101483,1838759,1,,,
368,c,4195463,1838789,1,,,
369,a,7016221,1838798,1,,,
370,c,11255223,1838817,1,,,
371,d,1220270,1838825,1,,,
372,d,80051,1838835,1,,,
373,f,7493211,1838843,1,,,
374,a,15170441,1838858,1,,,
375,e,409752,1838866,1,,,
376,d,1340461,1838875,1,,,
377,b,1505580,1838883,1,,,
378,e,910742,1838892,1,,,
379,c,2004790,1838910,1,,,
380,a,188292,1838925,1,,,
381,f,2756659,1838934,1,,,
382,f,21701,1838943,1,,,
383,d,27171404,1838952,1,,,
384,c,21965,1838962,1,,,
385,e,66136,1838970,1,,,
386,f,1118769,1838980,1,,,
387,d,5097508,1838994,1,,,
388,b,2975253,1839003,1,,,
389,f,487231,1839011,1,,,
390,d,15817742,1839020,1,,,
391,a,6459656,1839029,1,,,
392,c,173134,1892825,1,,,
393,d,288202,1892933,1,,,
394,f,1256,1892950,1,,,
395,b,8796,1893036,1,,,
396,f,1570685,1893136,1,,,
397,f,1267837,1900657,2,,,
398,c,38626,1900661,2,,,
399,f,289043,1900666,2,,,
400,a,9412937,1900669,2,,,
401,b,45972,1900676,2,,,
402,e,50674,1900719,2,,,
403,d,12958633,1900746,2,,,
404,d,49616,1900755,2,,,
405,d,28883676,1900788,2,,,
406,d,18493,1900806,2,,,
407,e,8007,1900833,2,,,
408,e,727404,1900934,2,,,
409,f,26421,1901098,2,,,
410,c,101885,1911117,4,,,
411,d,302770,1911136,4,,,
412,d,5082434,1911159,4,,,
413,a,37163,1986341,1,,,
414,b,225266,2058781,4,,,
415,f,147841,2058785,4,,,
416,d,2390672,2058789,4,,,
417,f,447670,2058800,4,,,
418,f,1922419,2058806,4,,,
419,f,47962007,2058810,4,,,
420,a,41056182,2058826,4,,,
421,d,159184,2058830,4,,,
422,e,838076,2058837,4,,,
423,e,1507312,2058848,4,,,
424,b,275745,2058855,4,,,
425,d,578329,2058862,4,,,
426,a,40137,2058866,4,,,
427,c,6236741,2058870,4,,,
428,c,12514537,2058874,4,,,
429,d,1591159,2058878,4,,,
430,e,5029553,2058882,4,,,
431,b,11426516,2058890,4,,,
432,d,5766132,2058893,4,,,
433,e,445265,2058897,4,,,
434,e,1626711,2058920,4,,,
435,f,1950472,2058929,4,,,
436,a,6245570,2058934,4,,,
437,b,9354512,2058938,4,,,
438,f,411912,2058942,4,,,
439,d,651892,2058946,4,,,
440,b,17676091,2058951,4,,,
441,f,2576355,2058955,4,,,
442,d,2396202,2058959,4,,,
443,c,5983690,2058968,4,,,
444,f,37293799,2058983,4,,,
445,f,45518,2058992,4,,,
446,a,1090335,2059007,4,,,
447,b,88158845,2059011,4,,,
448,c,3659726,2059015,4,,,
449,b,5532127,2059019,4,,,
450,b,41548600,2059028,4,,,
451,f,22561,2059042,4,,,
452,d,3156304,2059065,4,,,
453,d,2127895,2059068,4,,,
454,b,16282715,2059076,4,,,
455,b,184896,2059079,4,,,
456,c,3501891,2059091,2,,,
457,f,92507,2059102,4,,,
458,d,5377425,2059105,4,,,
459,d,8284086,2059109,4,,,
460,f,22651979,2059129,4,,,
461,e,78103530,2059136,4,,,
462,b,7178929,2230177,4,,,
463,c,570569,2230181,4,,,
464,d,225193,2230184,4,,,
465,d,5269355,2230187,4,,,
466,f,569259,2230191,4,,,
467,a,1378838,2230194,4,,,
468,b,7366107,2230198,4,,,
469,d,1377293,2230201,4,,,
470,d,25775,2230205,4,,,
471,d,7623810,2230208,4,,,
472,a,77779,2230212,4,,,
473,b,3014085,2230215,4,,,
474,f,584875,2230219,4,,,
475,c,561237,2230222,4,,,
476,c,28386,2230226,4,,,
477,e,20928,2230229,4,,,
478,e,1550063,2230234,4,,,
479,d,792011,2230238,4,,,
480,a,15098,2230241,4,,,
481,c,8737874,2230245,4,,,
482,a,263046,2230248,4,,,
483,f,223796,2230252,4,,,
484,f,15007,2230255,4,,,
485,a,2233469,2230258,4,,,
486,b,10969072,2230262,4,,,
487,d,8189519,2230265,4,,,
488,f,13617910,2230269,4,,,
489,a,451773,2230273,4,,,
490,c,90586,2230277,4,,,
491,d,249194,2230280,4,,,
492,d,18309038,2230283,4,,,
493,d,4486083,2230287,4,,,
494,a,20589229,2230294,4,,,
495,c,2035714,2230301,4,,,
496,e,256120,2230304,4,,,
497,d,29312116,2230308,4,,,
498,c,41346462,2230311,4,,,
499,e,2643956,2230315,4,,,
500,f,1959922,2230319,4,,,
501,d,71717097,2230326,4,,,
502,e,2517777,2230333,4,,,
503,c,3100586,2230336,4,,,
504,d,154216,2230343,4,,,
505,b,74023,2230346,4,,,
506,d,2767009,2230350,4,,,
507,e,463854,2230353,4,,,
508,d,29237139,2230360,4,,,
509,b,2668349,2230364,4,,,
510,f,245368,2230367,4,,,
511,d,206808,2230371,4,,,
512,e,1022053,2230378,4,,,
513,f,27173,2230381,4,,,
514,b,7311334,2230385,4,,,
515,f,463112,2230391,4,,,
516,c,2763646,2230395,4,,,
517,c,390892,2230398,4,,,
518,f,3803504,2230401,4,,,
519,e,13270001,2230405,4,,,
520,b,154143,2230413,4,,,
521,f,21557398,2230417,4,,,
522,d,71125881,2230420,4,,,
523,c,375096,2230424,4,,,
524,a,730674,2230431,4,,,
525,f,108121,2230435,4,,,
526,b,4619370,2230439,4,,,
527,d,33832112,2230442,4,,,
528,c,5586750,2394716,4,,,
529,c,195973,2394720,4,,,
530,b,229070,2394724,4,,,
531,e,684768,2394727,4,,,
532,a,23026,2394731,4,,,
533,d,18052989,2394735,4,,,
534,e,563703,2394738,4,,,
535,a,1128932,2394741,4,,,
536,f,4680080,2394749,4,,,
537,f,8096588,2394752,4,,,
538,d,15623173,2394756,4,,,
539,d,412289,2394759,4,,,
540,b,256417,2394763,4,,,
541,e,418320,2394767,4,,,
542,d,573985,2394771,4,,,
543,a,6729009,2394774,4,,,
544,f,2456017,2394778,4,,,
545,f,2873860,2394782,4,,,
546,c,4024117,2394785,4,,,
547,c,36511330,2394789,4,,,
548,c,3459851,2394792,4,,,
549,b,7687561,2394796,4,,,
550,e,7263645,2394800,4,,,
551,f,37989,2394804,4,,,
552,d,127216,2394808,4,,,
553,a,1072856,2394811,4,,,
554,a,17229353,2676502,4,,,
555,b,374522,2762344,8,,,
556,f,1079,2762351,8,,,
557,e,25761,2762365,8,,,
558,a,218763,2762366,8,,,
559,a,374522,2762367,8,,,
560,a,479,2762368,8,,,
561,f,2011,2764715,8,,,
562,b,579352,2764717,8,,,
563,a,520970,2764723,8,,,
564,f,247967,2764726,8,,,
565,e,24646,2764735,8,,,
566,a,10470550,2764771,8,,,
567,a,295127,2764786,8,,,
568,d,2751,2764803,8,,,
569,f,37974,2764860,8,,,
570,a,6049087,2778450,8,,,
571,d,42079,2778451,8,,,
572,a,967142,2778466,8,,,
573,d,750205,2778479,8,,,
574,a,49314,2787624,8,,,
575,c,50604,2787660,8,,,
576,b,249899,2788525,8,,,
577,d,16393,2788528,8,,,
578,c,74319,2831097,8,,,
579,e,36629,2831118,8,,,
580,e,1487822,2831121,8,,,
581,e,86207,2831155,8,,,
582,d,1685,2842990,8,,,
583,d,7781,2866521,8,,,
584,e,1923475,2867843,8,,,
585,a,80053854,2877694,8,,,
586,a,1785152,2944809,8,,,
587,b,608466,3011382,8,,,
588,a,29315109,3027017,1,,,
589,f,85970862,3027020,1,,,
590,a,10562162,3027031,1,,,
591,b,16006929,3027043,1,,,
592,d,1830686,3027046,1,,,
593,c,5878479,3027057,1,,,
594,e,39459291,3027065,1,,,
595,c,7702689,3027069,1,,,
596,d,23610870,3027073,1,,,
597,c,173801,3027091,1,,,
598,a,2202509,3027094,1,,,
599,e,4072966,3027101,1,,,
600,e,4349487,3027113,1,,,
601,b,1521787,3027118,1,,,
602,e,4431274,3027122,1,,,
603,e,134772,3027133,1,,,
604,b,3323749,3027141,1,,,
605,e,4008265,3027145,1,,,
606,e,52165593,3027148,1,,,
607,f,1986952,3027153,1,,,
608,f,53987418,3027156,1,,,
609,d,49401316,3027159,1,,,
610,b,23943297,3027164,1,,,
611,d,24781456,3027172,1,,,
612,c,17559148,3027177,1,,,
613,a,162825,3027181,1,,,
614,d,1567120,3027195,1,,,
615,f,1533768,3027207,1,,,
616,c,46392752,3027214,1,,,
617,e,232806,3027237,1,,,
618,a,15037118,3027241,1,,,
619,b,21731511,3027259,1,,,
620,d,280430,3027263,1,,,
621,a,671478,3027267,1,,,
622,f,259497,3027271,1,,,
623,d,3794107,3027274,1,,,
624,a,5404692,3027278,1,,,
625,b,42974594,3027282,1,,,
626,c,16551178,3027290,1,,,
627,b,657192,3027298,1,,,
628,c,60223891,3027310,1,,,
629,c,1782664,3027317,1,,,
630,e,2098094,3027324,1,,,
631,d,16472151,3027329,1,,,
632,f,27069565,3027344,1,,,
633,c,2060478,3027348,1,,,
634,c,1719918,3027351,1,,,
635,b,27096646,3027354,1,,,
636,f,245203,3027362,1,,,
637,f,38364030,3027365,1,,,
638,d,323198,3027369,1,,,
639,e,7537896,3027388,1,,,
640,a,7694481,3027400,1,,,
641,c,57609135,3027403,1,,,
642,c,42960521,3027407,1,,,
643,f,1210358,3027432,1,,,
644,e,7461438,3027492,1,,,
645,c,14400888,3027511,1,,,
646,b,63982818,3027514,1,,,
647,d,1295049,3027523,1,,,
648,c,3576923,3027529,1,,,
649,f,277455,3027552,1,,,
650,f,569118,3027558,1,,,
651,f,1472801,3027565,1,,,
652,b,1373932,3027573,1,,,
653,f,1795342,3027576,1,,,
654,e,21606481,3027580,1,,,
655,b,6350947,3027588,1,,,
656,c,132807,3027595,1,,,
657,b,5577055,3027595,1,,,
658,a,3043807,3027598,1,,,
659,c,4398980,3027599,1,,,
660,b,345862,3027602,1,,,
661,c,3874871,3027603,1,,,
662,e,12616278,3027607,1,,,
663,b,14689346,3027610,1,,,
664,f,86303413,3027613,1,,,
665,b,581854,3027622,1,,,
666,e,8426857,3027624,1,,,
667,f,47282064,3027625,1,,,
668,b,21506578,3027628,1,,,
669,f,155841,3027629,1,,,
670,e,23870780,3027631,1,,,
671,f,182679,3027633,1,,,
672,b,261234,3027637,1,,,
673,c,6225310,3027637,1,,,
674,f,2207872,3027641,1,,,
675,c,2466052,3027641,1,,,
676,a,669987,3027644,1,,,
677,a,28519602,3027645,1,,,
678,b,9990354,3027647,1,,,
679,c,2637872,3027651,1,,,
680,e,2185644,3027652,1,,,
681,d,2604964,3027658,1,,,
682,a,20402440,3027662,1,,,
683,e,9685005,3027666,1,,,
684,b,60238097,3027667,1,,,
685,e,117652,3027673,1,,,
686,f,5222121,3027677,1,,,
687,c,15203688,3027680,1,,,
688,a,22880474,3027681,1,,,
689,d,7905942,3027688,1,,,
690,d,15205752,3027690,1,,,
691,e,2988333,3027692,1,,,
692,d,61676,3027697,1,,,
693,a,2356754,3027701,1,,,
694,d,10226242,3027709,1,,,
695,b,178988,3027709,1,,,
696,b,19551090,3027713,1,,,
697,d,59701,3027713,1,,,
698,d,1662951,3027716,1,,,
699,b,1744544,3027717,1,,,
700,d,1029324,3027720,1,,,
701,d,821383,3027720,1,,,
702,a,106818,3027724,1,,,
703,a,103729,3027724,1,,,
704,b,51127227,3027727,1,,,
705,d,5635050,3027728,1,,,
706,e,20671255,3027731,1,,,
707,f,6847163,3027731,1,,,
708,d,165634,3027735,1,,,
709,d,1227487,3027735,1,,,
710,b,13584084,3027739,1,,,
711,d,61296,3027739,1,,,
712,b,3680618,3027753,1,,,
713,a,96485,3027778,1,,,
714,c,8704507,3027797,1,,,
715,f,136209,3027819,1,,,
716,c,98724,3027848,1,,,
717,b,12036657,3027850,1,,,
718,c,2638381,3027852,1,,,
719,e,1337368,3027854,1,,,
720,e,3074442,3027856,1,,,
721,b,1519323,3027858,1,,,
722,d,1043335,3027860,1,,,
723,e,3352895,3027862,1,,,
724,e,110742,3027864,1,,,
725,b,123289,3027866,1,,,
726,b,852768,3027868,1,,,
727,a,7718225,3027870,1,,,
728,e,23968300,3027872,1,,,
729,b,1246710,3027873,1,,,
730,b,1764117,3027876,1,,,
731,c,16422529,3027877,1,,,
732,c,822972,3027879,1,,,
733,f,1440263,3027881,1,,,
734,c,1342363,3027883,1,,,
735,e,2298019,3027885,1,,,
736,e,112378,3027887,1,,,
737,e,1486599,3027891,1,,,
738,e,1936442,3027892,1,,,
739,e,2243204,3027896,1,,,
740,a,1150794,3027896,1,,,
741,d,54639,3027899,1,,,
742,a,11375593,3027900,1,,,
743,a,11661639,3027903,1,,,
744,d,11406248,3027906,1,,,
745,a,37088907,3027908,1,,,
746,b,491005,3027911,1,,,
747,d,16766349,3027915,1,,,
748,d,30570195,3027919,1,,,
749,c,87573,3027919,1,,,
750,d,15251975,3027923,1,,,
751,e,13302256,3027923,1,,,
752,d,2072895,3027926,1,,,
753,f,968723,3027927,1,,,
754,e,9900317,3027930,1,,,
755,d,115229,3027931,1,,,
756,d,63517,3027935,1,,,
757,f,117825,3027937,1,,,
758,d,25911695,3027939,1,,,
759,c,101349,3027943,1,,,
760,c,26946758,3027949,1,,,
761,f,305467,3027957,1,,,
762,b,25757153,3027957,1,,,
763,d,2167755,3027961,1,,,
764,a,5206422,3027961,1,,,
765,b,2841341,3027965,1,,,
766,f,279548,3027966,1,,,
767,c,11835233,3027969,1,,,
768,e,286963,3027969,1,,,
769,b,8049318,3027972,1,,,
770,e,5011128,3027973,1,,,
771,b,273283,3027980,1,,,
772,b,7770336,3027981,1,,,
773,a,4743023,3027984,1,,,
774,c,270847,3027984,1,,,
775,b,93306,3027988,1,,,
776,c,2626315,3027988,1,,,
777,d,94878,3027992,1,,,
778,b,11870304,3027993,1,,,
779,d,747261,3027995,1,,,
780,e,1246827,3027999,1,,,
781,d,257730,3028003,1,,,
782,e,72198,3028004,1,,,
783,a,248043,3028008,1,,,
784,f,11137876,3028008,1,,,
785,e,23760525,3028012,1,,,
786,d,1539075,3028015,1,,,
787,b,66879,3028016,1,,,
788,f,301247,3028019,1,,,
789,a,5164858,3028019,1,,,
790,b,1008086,3028025,1,,,
791,d,5173315,3028025,1,,,
792,a,3085903,3028029,1,,,
793,c,984253,3028029,1,,,
794,a,54335,3028033,1,,,
795,b,7821038,3028033,1,,,
796,a,895346,3028037,1,,,
797,e,895174,3028040,1,,,
798,b,1586681,3028041,1,,,
799,f,7074462,3028044,1,,,
800,d,499102,3028045,1,,,
801,b,828064,3028049,1,,,
802,c,4219731,3028049,1,,,
803,d,3763461,3028053,1,,,
804,f,1404159,3028055,1,,,
805,e,814807,3028056,1,,,
806,d,6308479,3028059,1,,,
807,f,808229,3028060,1,,,
808,e,35702,3028063,1,,,
809,f,35647,3028064,1,,,
810,d,46022,3028066,1,,,
811,a,2210896,3028068,1,,,
812,b,43938,3028070,1,,,
813,b,5079055,3028071,1,,,
814,d,798203,3028074,1,,,
815,a,560867,3028075,1,,,
816,a,30943,3028078,1,,,
817,b,4105939,3028079,1,,,
818,a,2247952,3028081,1,,,
819,c,269228,3028082,1,,,
820,f,821169,3028085,1,,,
821,c,800507,3028086,1,,,
822,b,338904,3028090,1,,,
823,b,1210561,3028090,1,,,
824,a,4880655,3028094,1,,,
825,d,268564,3028095,1,,,
826,b,15202,3028099,1,,,
827,d,76969,3028099,1,,,
828,b,442860,3028104,1,,,
829,c,935385,3028108,1,,,
830,a,193471,3028108,1,,,
831,c,110395,3028112,1,,,
832,d,115259,3028113,1,,,
833,b,1397982,3028116,1,,,
834,f,82880,3028117,1,,,
835,e,85410,3028120,1,,,
836,f,733634,3028121,1,,,
837,b,2126,3028125,1,,,
838,e,79205,3028126,1,,,
839,f,110848,3028130,1,,,
840,c,459529,3028131,1,,,
841,e,310023,3028134,1,,,
842,e,36738,3028136,1,,,
843,d,130728,3028139,1,,,
844,a,96682,3028157,1,,,
845,a,15890,3028204,1,,,
846,d,21318,3028215,1,,,
847,e,31268,3028440,1,,,
848,f,92649,3028452,1,,,
849,f,1765633,3721485,4,,,
850,c,505281,3721489,4,,,
851,e,617123,3721493,4,,,
852,d,915148,3721496,4,,,
853,c,9851877,3721500,4,,,
854,c,404457,3721503,4,,,
855,d,310537,3721507,4,,,
856,f,48265,3721511,4,,,
857,b,1416759,3721514,4,,,
858,e,2276249,3721518,4,,,
859,c,1348823,3721522,4,,,
860,a,179939,3721525,4,,,
861,b,57432,3721529,4,,,
862,e,4966663,3721533,4,,,
863,c,1873418,3721537,4,,,
864,a,4555438,3721545,4,,,
865,d,9253575,3721548,4,,,
866,a,928651,3721552,4,,,
867,d,6907628,3721556,4,,,
868,e,100560,3721559,4,,,
869,b,5877882,3721563,4,,,
870,b,3009125,3721566,4,,,
871,c,218423,3721571,4,,,
872,c,2260706,3721578,4,,,
873,b,16461752,3721582,4,,,
874,a,119331,3721586,4,,,
875,d,1011,3867133,1,,,
876,e,29082,3867169,1,,,
877,f,712066,3873005,4,,,
878,e,15335,3873009,4,,,
879,e,134031,3873028,4,,,
880,c,3104,3873036,4,,,
881,c,101497,3873089,4,,,
882,a,465475,3873093,4,,,
883,b,31555,3873097,4,,,
884,c,79934,3873101,4,,,
885,d,2801,3873106,4,,,
886,b,164215,3890306,4,,,
887,a,181577,3890310,4,,,
888,c,2504794,3890313,4,,,
889,c,1289325,3890317,4,,,
890,b,1841466,3890323,4,,,
891,a,89361,3890327,4,,,
892,a,1419005,3890331,4,,,
893,f,29785,3890336,4,,,
894,e,10900,3890341,4,,,
895,b,977400,3916158,4,,,
896,d,881058,3916165,4,,,
897,b,300821,3916170,4,,,
898,b,282256,3916185,4,,,
899,c,966661,3916188,4,,,
900,b,4691472,3916193,4,,,
901,f,160535,4047477,8,,,
902,b,22829,4098906,1,,,
903,d,85178,4131053,8,,,
904,f,12146773,4216605,8,,,
905,c,7177,4217249,8,,,
906,c,80716,4301307,8,,,
907,f,35062335,4343650,4,,,
908,e,632080,4343676,4,,,
909,d,8167,4343680,4,,,
910,a,244550,4348460,4,,,
911,a,70811,4348474,4,,,
912,b,2887,4349687,8,,,
913,d,118596,4387854,4,,,
914,c,84161,4387864,4,,,
915,b,10841532,4390097,4,,,
916,e,38666,4390118,4,,,
917,b,49328,4442540,4,,,
918,b,63160,4442544,4,,,
919,b,788084,4442549,4,,,
920,e,446808,4442557,4,,,
921,b,736535,4442561,4,,,
922,f,1564262,4442565,4,,,
923,b,18908534,4442568,4,,,
924,d,2660596,4442572,4,,,
925,c,559298,4443293,4,,,
926,e,1742891,4443298,4,,,
927,d,9423,4491980,4,,,
928,e,4771,4491981,4,,,
929,f,3193847,4491989,4,,,
930,d,2406234,4491994,4,,,
931,f,8673,4491995,4,,,
932,d,142856,4492004,4,,,
933,f,184848,4492011,4,,,
934,b,4422244,4492019,4,,,
935,a,69055,4492021,4,,,
936,e,214626,4496481,4,,,
937,c,1430072,4496485,4,,,
938,f,322364,4496489,4,,,
939,a,2433177,4496493,4,,,
940,e,383946,4496497,4,,,
941,e,555009,4496501,4,,,
942,b,2705007,4496505,4,,,
943,a,65592,4496509,4,,,
944,e,40591,4496513,4,,,
945,e,1774267,4496519,4,,,
946,a,11537681,4496524,4,,,
947,f,1035686,4496532,4,,,
948,f,2173092,4497410,4,,,
949,e,24577,4524584,4,,,
950,e,8172,4524588,4,,,
951,e,8672,4524591,4,,,
952,d,2406736,4524606,4,,,
953,f,703883,4524620,4,,,
954,f,6909,4524626,4,,,
955,e,2405733,4738023,4,,,
956,c,41490,4760845,4,,,
957,c,233667,4760855,4,,,
958,c,5238208,4760861,4,,,
959,e,11073,4760871,4,,,
960,e,46371,4760876,4,,,
961,a,358454,4760908,4,,,
962,e,19885,4869521,4,,,
963,b,4206838,4869525,4,,,
964,a,2137873,4869530,4,,,
965,e,262675,4869535,4,,,
966,a,56443,4869540,4,,,
967,e,9518159,4869543,4,,,
968,d,12958005,4869549,4,,,
969,a,60363,4869959,4,,,
970,a,125696,4869963,4,,,
971,d,3766224,4869966,4,,,
972,e,1920384,4869970,4,,,
973,d,19106,4869973,4,,,
974,c,205178,4869978,4,,,
975,b,326250,4869981,4,,,
976,b,1627256,4869985,4,,,
977,e,34896,4869989,4,,,
978,c,178129,4869992,4,,,
979,c,710406,4869996,4,,,
980,a,240984,4871823,4,,,
981,d,11613,4871827,4,,,
982,a,13911,4925426,4,,,
983,b,1166412,4925447,4,,,
984,b,1198568,4925477,4,,,
985,d,1692516,5020124,4,,,
986,d,947795,5212828,4,,,
987,d,703834,5212903,4,,,
988,f,164651,5212918,4,,,
989,c,472404,5212922,4,,,
990,f,23494,5451075,4,,,
991,d,438496,5560622,2,,,
992,f,50462,5560635,2,,,
993,c,123027,5560636,2,,,
994,b,580610,5560640,2,,,
995,b,22043,5560655,2,,,
996,c,2409,5560659,2,,,
997,d,4138874,5564794,4,,,
998,d,12381189,5564802,4,,,
999,b,405948,5564813,4,,,
1000,d,2813917,5564814,4,,,
1001,e,2931454,5564815,4,,,
1002,f,35814896,5564816,4,,,
1003,d,4053883,5564821,4,,,
1004,d,16834616,5564821,4,,,
1005,a,33638540,5564833,4,,,
1006,b,83548,5564836,4,,,
1007,e,2121725,5564838,4,,,
1008,b,23755884,5564840,4,,,
1009,b,6693205,5640885,4,,,
1010,f,416516,5640886,4,,,
1011,d,81778,5640888,4,,,
1012,a,22890874,5640904,4,,,
1013,d,1224148,5640921,4,,,
1014,c,142838,5640943,4,,,
1015,a,142187,5640945,4,,,
1016,e,1250428,5641064,4,,,
1017,f,657842,5641071,4,,,
1018,f,3108069,5641074,4,,,
1019,f,1884055,5641080,4,,,
1020,e,1084851,5641096,4,,,
1021,c,18006426,5641113,4,,,
1022,f,76017,5641116,4,,,
1023,b,2332009,5654150,4,,,
1024,c,2111162,5654154,4,,,
1025,f,3447081,5654159,4,,,
1026,b,76758,5654163,4,,,
1027,d,3697559,5654167,4,,,
1028,f,703083,5654174,4,,,
1029,b,631168,5654178,4,,,
1030,d,9259228,5654182,4,,,
1031,f,3280732,6032585,1,,,
1032,e,3591741,6032613,1,,,
1033,f,27871187,6032619,1,,,
1034,c,108389,6032624,1,,,
1035,c,5119172,6032629,1,,,
1036,f,1192692,6032634,1,,,
1037,e,132127,6032640,1,,,
1038,b,35925899,6032653,1,,,
1039,b,130747,6032659,1,,,
1040,a,413041,6032665,1,,,
1041,f,2284164,6032670,1,,,
1042,e,4891184,6077631,4,,,
1043,b,24854177,6077643,4,,,
1044,a,7981,6243278,4,,,
1045,a,5071808,6243288,4,,,
1046,a,650535,6243298,4,,,
1047,c,8147740,6243319,4,,,
1048,a,50475,6243329,4,,,
1049,c,2169933,6243350,4,,,
1050,b,301954,6243360,4,,,
1051,b,1981814,6243370,4,,,
1052,a,2371301,6243393,4,,,
1053,c,61941,6243404,4,,,
1054,c,25634139,6243415,4,,,
1055,e,14822207,6243426,4,,,
1056,f,699077,6243436,4,,,
1057,e,1204963,6243446,4,,,
1058,d,17059150,6243469,4,,,
1059,b,317122,6243502,4,,,
1060,b,2778417,6243513,4,,,
1061,c,35354,6243525,4,,,
1062,a,1960459,6243535,4,,,
1063,e,625195,6243545,4,,,
1064,d,16341248,6243565,4,,,
1065,a,104821,6243576,4,,,
1066,d,7348318,6243588,4,,,
1067,e,18665,6243598,4,,,
1068,b,7136,6243609,4,,,
1069,a,9679,6243620,4,,,
1070,c,262209,6243632,4,,,
1071,f,1058706,6243644,4,,,
1072,a,86609,6243657,4,,,
1073,f,10123043,6243683,4,,,
1074,c,1240636,6243703,4,,,
1075,a,1183904,6243713,4,,,
1076,c,118450,6243723,4,,,
1077,a,49397,6243734,4,,,
1078,b,15937,6243744,4,,,
1079,c,24592,6243756,4,,,
1080,d,565285,6243767,4,,,
1081,d,43006,6243778,4,,,
1082,a,250716,6243789,4,,,
1083,e,677948,6243812,4,,,
1084,f,13925,6243823,4,,,
1085,a,2531966,6243835,4,,,
1086,b,459065,6243849,4,,,
1087,a,1192870,6243861,4,,,
1088,d,1360908,6243872,4,,,
1089,e,376808,6243883,4,,,
1090,d,2131038,6243906,4,,,
1091,e,23638,6243915,4,,,
1092,e,1918061,6243924,4,,,
1093,b,361364,6243936,4,,,
1094,a,822295,6243946,4,,,
1095,c,1884852,6243966,4,,,
1096,b,283841,6243986,4,,,
1097,c,75000,6243996,4,,,
1098,d,55211,6244006,4,,,
1099,e,78743,6244017,4,,,
1100,e,536546,6244027,4,,,
1101,e,412590,6244037,4,,,
1102,a,44169,6244057,4,,,
1103,d,3157323,6244067,4,,,
1104,f,31155250,6244077,4,,,
1105,a,2838100,6244087,4,,,
1106,d,2512024,6244096,4,,,
1107,d,1186769,6244107,4,,,
1108,f,2452794,6244118,4,,,
1109,d,1138521,6244129,4,,,
1110,d,368818,6244139,4,,,
1111,a,709094,6244148,4,,,
1112,d,1798089,6244159,4,,,
1113,d,260357,6244190,4,,,
1114,c,763035,6244210,4,,,
1115,e,24982527,6244220,4,,,
1116,e,875769,6244240,4,,,
1117,e,149856,6244249,4,,,
1118,f,1277651,6244268,4,,,
1119,e,251113,6244298,4,,,
1120,d,36210,6244319,4,,,
1121,b,313480,6244328,4,,,
1122,a,3034805,6244347,4,,,
1123,a,17162677,6244357,4,,,
1124,b,19241,6511338,2,,,
1125,a,632324,6511344,2,,,
1126,b,20193,6665528,4,,,
1127,f,16357315,6691429,4,,,
1128,b,815021,6691705,4,,,
1129,f,63587,6691730,4,,,
1130,f,8325806,6691785,4,,,
1131,e,287963,6691799,4,,,
1132,f,2389116,6691803,4,,,
1133,e,15003698,7184850,2,,,
1134,c,154045,7184871,2,,,
1135,e,48755,7184875,2,,,
1136,e,79323,7184879,2,,,
1137,b,2548996,7184883,2,,,
1138,a,1048737,7184887,2,,,
1139,c,8390770,7184896,2,,,
1140,e,2155307,7184900,2,,,
1141,d,384946,7350124,4,,,
1142,e,412240,7350492,8,,,
1143,d,4583,7350869,8,,,
1144,a,1146597,7350875,8,,,
1145,c,4828,7350880,8,,,
1146,b,41928,7350891,8,,,
1147,d,1410,7350898,8,,,
1148,c,33631,7350909,8,,,
1149,e,6235,7350914,8,,,
1150,c,28832,7350920,8,,,
1151,d,224067,7351003,8,,,
1152,d,1119,7351008,8,,,
1153,f,1891,7351013,8,,,
1154,f,473663,7351019,8,,,
1155,d,1571,7351023,8,,,
1156,f,1009,7351029,8,,,
1157,a,328278,7351034,8,,,
1158,a,1995,7351039,8,,,
1159,b,5112,7351045,8,,,
1160,b,225640,7351050,8,,,
1161,c,25637,7351055,8,,,
1162,b,516743,7351060,8,,,
1163,b,8683,7351065,8,,,
1164,e,4291,7351071,8,,,
1165,d,503875,7351076,8,,,
1166,f,29851,7351081,8,,,
1167,a,37338,7351086,8,,,
1168,e,7425,7351091,8,,,
1169,b,185505,7351095,8,,,
1170,d,188532,7351101,8,,,
1171,a,6029552,7363777,1,,,
1172,c,1544704,7363782,1,,,
1173,f,849621,7363786,1,,,
1174,d,3742083,7363790,1,,,
1175,d,1130006,7363816,1,,,
1176,b,33360,7363821,1,,,
1177,d,7580427,7363825,1,,,
1178,c,813049,7363838,1,,,
1179,f,2328157,7363938,1,,,
1180,c,236751,7363956,1,,,
