job_id,model_name,duration,submit_time,num_gpu,,
0,e,15486530,0,1,,a
1,a,779751,336541,8,,b
2,e,2206336,475911,1,,c
3,c,52322471,476285,8,,d
4,e,2042779,543390,8,,e
5,c,110577404,600049,8,,f
6,a,107500942,627951,8,,
7,b,7090786,671239,8,,
8,c,4639252,837589,8,,
9,f,5540214,837888,8,,
10,a,87572377,880076,1,,
11,d,5106406,880119,1,,
12,f,40594521,880145,1,,
13,a,5695853,880165,1,,
14,f,36872754,881304,1,,
15,a,651007,884079,4,,
16,d,5515923,896743,8,,
17,d,223400,906050,1,,
18,f,133333,906242,1,,
19,e,2777061,906308,4,,
20,f,339638,912363,4,,
21,e,18842,912416,4,,
22,c,145076,912464,4,,
23,b,6129666,926406,16,,
24,b,4939,926450,16,,
25,b,45200,926459,16,,
26,c,19708155,930392,8,,
27,e,7248545,930730,8,,
28,d,5751923,930880,8,,
29,b,13672446,931137,8,,
30,e,157078,931720,8,,
31,b,27466505,938339,8,,
32,b,104459,946857,8,,
33,c,389016,952206,16,,
34,a,11771799,953266,16,,
35,d,6716379,953317,16,,
36,b,5239798,956090,8,,
37,a,3598447,961716,8,,
38,a,707797,961993,8,,
39,d,37076,963028,4,,
40,e,779201,981636,1,,
41,e,3865,982125,1,,
42,a,17966,989813,4,,
43,e,219464,990126,4,,
44,b,12953525,990526,1,,
45,d,533286,991447,4,,
46,e,11093523,991717,4,,
47,b,8788,993353,1,,
48,c,559872,996568,1,,
49,e,23072,999486,4,,
50,e,6318472,999520,1,,
51,b,565576,999843,1,,
52,e,404907,1000852,4,,
53,b,1643,1003841,1,,
54,e,146329,1004148,1,,
55,e,6164,1004200,8,,
56,d,279754,1005202,8,,
57,c,6238,1006297,1,,
58,a,1446,1007947,1,,
59,c,1036052,1013092,16,,
60,f,565127,1020508,4,,
61,b,591447,1022485,8,,
62,f,102534,1022622,16,,
63,a,21721,1022908,1,,
64,e,1779,1023510,4,,
65,c,337294,1023955,16,,
66,d,172367,1024189,8,,
67,f,18271586,1025721,8,,
68,f,350315,1025799,8,,
69,a,5815447,1028041,4,,
70,f,177284,1028741,4,,
71,d,177366,1029550,4,,
72,a,244449,1030698,1,,
73,d,24020,1033426,8,,
74,f,347737,1041491,16,,
75,a,8601957,1042649,8,,
76,f,145090,1058834,1,,
77,d,845500,1061017,1,,
78,e,9153220,1062049,8,,
79,f,3208691,1062109,8,,
80,e,5287995,1062187,4,,
81,f,2840252,1064146,1,,
82,b,526972,1064215,1,,
83,e,64510,1068634,4,,
84,a,28978763,1071580,8,,
85,f,94081,1078287,16,,
86,f,8628,1078349,1,,
87,b,458795,1078499,1,,
88,c,219464,1078520,2,,
89,c,188501,1078558,1,,
90,d,7777968,1081252,4,,
91,a,31071,1083560,1,,
92,a,354382,1087027,1,,
93,c,10669718,1088222,1,,
94,a,18024017,1092167,4,,
95,f,90084,1093901,1,,
96,a,4146987,1095354,1,,
97,a,2558233,1095394,1,,
98,b,7138947,1095479,1,,
99,a,13646164,1095513,1,,
100,d,1589150,1095546,1,,
101,c,1046718,1095578,1,,
102,c,2273631,1095698,1,,
103,b,22249131,1095725,1,,
104,c,508779,1095751,1,,
105,c,2358114,1095787,1,,
106,b,3118042,1095885,1,,
107,b,1803571,1095914,1,,
108,e,3182484,1098912,1,,
109,b,11877744,1098951,1,,
110,a,8055785,1098983,1,,
111,f,86974,1099017,1,,
112,b,521221,1099054,1,,
113,f,30550894,1099104,1,,
114,f,70930,1099265,8,,
115,d,9989726,1101445,8,,
116,a,59061,1105595,8,,
117,c,77576,1105635,8,,
118,a,2509850,1105822,8,,
119,d,2558620,1111825,8,,
120,a,60897837,1114093,8,,
121,e,143132,1114608,8,,
122,c,22924,1115754,8,,
123,b,23728033,1118114,1,,
124,d,53957,1119028,4,,
125,d,980107,1133603,8,,
126,c,6519,1149652,4,,
127,b,656734,1152816,1,,
128,d,202653,1155403,8,,
129,f,653007,1157802,1,,
130,e,15852,1158164,1,,
131,c,16350,1158343,1,,
132,e,3087265,1161486,1,,
133,d,149480,1161506,1,,
134,e,22473122,1161521,1,,
135,e,532683,1161554,1,,
136,e,13201485,1161574,1,,
137,f,513449,1161592,1,,
138,c,657531,1161607,1,,
139,e,31051092,1161611,1,,
140,b,89054,1161628,1,,
141,d,18730,1163262,4,,
142,f,108996,1165251,1,,
143,d,904899,1165268,1,,
144,f,1770151,1165288,1,,
145,e,15161868,1165303,1,,
146,f,2283312,1165316,1,,
147,a,8064522,1165329,1,,
148,b,5811505,1165345,1,,
149,f,30664370,1165363,1,,
150,c,13405896,1165380,1,,
151,f,60816,1165398,1,,
152,c,2286369,1165414,1,,
153,f,1848303,1165433,1,,
154,a,1048928,1165455,1,,
155,b,14366573,1165474,1,,
156,c,116812,1165490,1,,
157,c,523606,1165508,1,,
158,f,5554576,1165528,1,,
159,e,105178,1165542,1,,
160,b,360147,1167323,1,,
161,f,1879245,1167678,1,,
162,c,888019,1167697,1,,
163,e,3166082,1167711,1,,
164,d,2363803,1167724,1,,
165,b,313967,1167735,1,,
166,e,12030939,1167748,1,,
167,d,5485400,1167770,1,,
168,f,310647,1178118,1,,
169,e,5786883,1181272,8,,
170,d,30998,1194187,4,,
171,a,40795,1194668,4,,
172,f,1559851,1195817,4,,
173,b,12758811,1207706,8,,
174,e,3094,1223535,16,,
175,e,2240304,1233608,1,,
176,c,901824,1233879,1,,
177,e,2072,1234963,1,,
178,c,2953093,1238400,8,,
179,e,17513699,1240489,8,,
180,d,2187666,1241289,4,,
181,a,14535,1241695,4,,
182,e,107201,1244100,1,,
183,c,434074,1245265,4,,
184,f,1917802,1245289,1,,
185,b,810493,1245296,8,,
186,a,155118,1245315,1,,
187,f,783417,1245511,1,,
188,f,56259,1245523,16,,
189,f,810009,1245524,1,,
190,d,1083946,1245696,1,,
191,f,137374,1251322,1,,
192,b,47986641,1251444,8,,
193,b,2428459,1251720,8,,
194,a,1399368,1251798,4,,
195,f,16368,1251897,4,,
196,a,41978,1252909,1,,
197,b,7349561,1253665,4,,
198,e,1675834,1254374,1,,
199,f,18178,1255259,4,,
200,c,142390,1255294,4,,
201,e,1915529,1255314,4,,
202,c,13959,1255332,4,,
203,a,2246456,1255347,4,,
204,d,1138341,1261278,1,,
205,f,181788,1262028,8,,
206,d,4654836,1262609,8,,
207,e,24567830,1271714,8,,
208,e,515632,1272262,8,,
209,b,5286628,1273245,8,,
210,a,577992,1273276,8,,
211,c,247842,1275933,16,,
212,e,59189,1277547,8,,
213,e,69494,1278989,4,,
214,b,50978,1279070,4,,
215,b,122955,1280138,1,,
216,c,82510,1283033,16,,
217,e,5576679,1284564,4,,
218,b,13614231,1284590,4,,
219,f,702524,1284627,4,,
220,c,2999476,1284690,4,,
221,a,3728909,1284714,4,,
222,a,1686559,1284745,4,,
223,b,103008,1293192,8,,
224,a,183997,1297699,16,,
225,a,498668,1300071,8,,
226,b,19896,1312082,16,,
227,f,609923,1322871,2,,
228,c,845,1326576,8,,
229,e,21622689,1336414,8,,
230,e,10795751,1339183,8,,
231,d,2287772,1350010,8,,
232,b,4471,1355804,16,,
233,d,2327,1357023,16,,
234,e,628310,1359082,1,,
235,a,11332,1365390,1,,
236,b,285990,1368361,16,,
237,b,14750,1368374,16,,
238,b,3629,1369754,4,,
239,b,94742,1370008,4,,
240,a,99920,1371390,4,,
241,b,63935,1371422,4,,
242,e,1021300,1372983,16,,
243,e,16603,1372999,16,,
244,c,379775,1373136,4,,
245,b,257626,1373901,4,,
246,e,542672,1378443,4,,
247,c,19478,1378546,4,,
248,a,2013187,1384680,8,,
249,d,14950628,1409023,8,,
250,c,127617186,1422864,8,,
251,c,10551,1431972,4,,
252,e,36501,1432024,4,,
253,a,1555744,1432085,4,,
254,f,5192517,1432295,4,,
255,e,438178,1450085,1,,
256,f,16470,1450087,16,,
257,e,12093,1462880,4,,
258,e,3872043,1463221,8,,
259,c,613,1466312,4,,
260,c,62645,1495907,4,,
261,d,79704,1497030,4,,
262,c,368976,1498794,4,,
263,f,3806,1500042,4,,
264,a,5607210,1501448,8,,
265,d,14234,1501577,4,,
266,f,405422,1523791,8,,
267,d,2553856,1541381,4,,
268,e,635677,1542152,4,,
269,d,22636,1542833,4,,
270,b,3193470,1544882,4,,
271,c,5188442,1544974,4,,
272,f,30634,1546316,8,,
273,e,9000367,1550718,8,,
274,f,236226,1550798,4,,
275,a,62075,1560182,2,,
276,e,6320419,1579787,4,,
277,a,86026,1580632,8,,
278,d,1924690,1581732,4,,
279,e,339356,1583559,16,,
280,e,986,1584868,8,,
281,a,440770,1587106,4,,
282,d,89227976,1587573,8,,
283,d,3611,1590920,1,,
284,b,256309,1592975,1,,
285,c,93141,1592985,1,,
286,c,3530,1592992,1,,
287,b,70162,1593003,1,,
288,c,34633,1593012,1,,
289,e,9269,1593019,1,,
290,b,9593,1593027,1,,
291,f,1844,1593034,1,,
292,d,271209,1593050,1,,
293,b,416508,1593057,1,,
294,a,240635,1593064,1,,
295,c,54831,1593071,1,,
296,b,49656,1599339,8,,
297,d,349307,1601032,4,,
298,a,754465,1601053,4,,
299,e,259050,1601071,4,,
300,c,7105,1601178,4,,
301,d,13057,1601204,4,,
302,c,852892,1601625,2,,
303,a,243106,1602535,4,,
304,c,6657,1602805,4,,
305,f,5740,1602931,4,,
306,f,779557,1603522,4,,
307,c,236002,1604537,8,,
308,d,7122185,1606851,1,,
309,b,36150,1608348,1,,
310,c,3765,1608397,1,,
311,a,273838,1608755,1,,
312,e,7370,1608762,1,,
313,e,2417,1608770,1,,
314,d,2197,1608778,1,,
315,f,1803,1608786,1,,
316,c,278817,1608793,1,,
317,c,74605,1608801,1,,
318,e,51061,1608814,1,,
319,f,151052,1608822,1,,
320,e,18137,1608828,1,,
321,c,3561,1608835,1,,
322,d,105653,1608843,1,,
323,c,50559,1608850,1,,
324,e,472086,1608857,1,,
325,d,990370,1608864,1,,
326,c,339505,1608886,1,,
327,c,133730,1608894,1,,
328,b,1917,1608902,1,,
329,d,247724,1608914,1,,
330,d,198995,1608921,1,,
331,a,528275,1608929,1,,
332,c,39584,1608935,1,,
333,c,40348,1608942,1,,
334,b,26337,1608974,1,,
335,e,194981,1608983,1,,
336,b,29048,1608991,1,,
337,d,14494,1608998,1,,
338,d,5465,1609005,1,,
339,a,30922,1609014,1,,
340,f,623848,1609023,1,,
341,b,1009,1609030,1,,
342,e,288709,1609055,1,,
343,c,1669,1609064,1,,
344,f,101992,1609071,1,,
345,f,230792,1609078,1,,
346,b,34361,1609085,1,,
347,d,1390,1609092,1,,
348,a,4991,1609100,1,,
349,a,37675,1609126,1,,
350,a,466146,1609133,1,,
351,d,25843,1609140,1,,
352,f,221668,1609148,1,,
353,d,25553,1610336,16,,
354,f,3871,1612763,1,,
355,f,14208845,1619883,8,,
356,e,3376,1629463,8,,
357,c,182067,1634921,1,,
358,c,11901346,1639246,1,,
359,a,7857669,1639287,1,,
360,b,2276674,1639334,1,,
361,b,7955952,1639369,1,,
362,b,9943597,1639430,1,,
363,f,606,1664264,1,,
364,d,1135043,1669444,8,,
365,f,2155012,1669786,16,,
366,f,24851,1678208,1,,
367,b,147735,1685457,1,,
368,a,6043073,1685688,1,,
369,d,9839834,1685757,1,,
370,d,47509853,1685912,1,,
371,e,1758303,1690255,1,,
372,b,102221,1690262,1,,
373,d,15060824,1690269,1,,
374,e,23683703,1690276,1,,
375,f,868900,1690292,1,,
376,c,2540557,1690299,1,,
377,e,1506156,1690306,1,,
378,a,1573224,1690321,1,,
379,f,9427046,1690337,1,,
380,d,875460,1690344,1,,
381,b,5409543,1690680,1,,
382,a,102298,1690688,1,,
383,e,45017924,1690695,1,,
384,c,102197,1690704,1,,
385,d,99401,1690711,1,,
386,e,2956127,1690717,1,,
387,b,9815726,1690724,1,,
388,f,5317013,1690731,1,,
389,f,520370,1690738,1,,
390,e,24231651,1690745,1,,
391,f,11790947,1690752,1,,
392,c,11730208,1690759,1,,
393,f,1861647,1690765,1,,
394,f,85730,1690772,1,,
395,d,520384,1690780,1,,
396,c,19470558,1690786,1,,
397,a,2234085,1690793,1,,
398,f,2649615,1690800,1,,
399,f,21805883,1690807,1,,
400,b,11657756,1690813,1,,
401,f,112753,1690821,1,,
402,f,101870,1690828,1,,
403,f,7873629,1690836,1,,
404,a,59287,1690844,1,,
405,d,30879290,1690850,1,,
406,b,101722,1690857,1,,
407,b,246718,1690862,1,,
408,d,1476907,1690865,1,,
409,d,268409,1690866,1,,
410,f,1421401,1690870,1,,
411,c,1727631,1690872,1,,
412,c,105310177,1690875,1,,
413,a,3129753,1690879,1,,
414,a,6398280,1690880,1,,
415,c,3614751,1690884,1,,
416,d,12923845,1690886,1,,
417,b,9687869,1690887,1,,
418,a,51556152,1690891,1,,
419,e,16175850,1690894,1,,
420,b,13021635,1690898,1,,
421,b,2414985,1690902,1,,
422,b,10637207,1690906,1,,
423,f,7845577,1690911,1,,
424,c,3326943,1690915,1,,
425,f,6770257,1690919,1,,
426,f,395020,1690924,1,,
427,d,9103554,1691226,1,,
428,f,2223942,1691253,1,,
429,b,108993,1691284,1,,
430,c,7895669,1691309,1,,
431,f,11742316,1691328,1,,
432,b,11750805,1691363,1,,
433,c,531393,1691387,1,,
434,e,3110172,1691413,1,,
435,f,3062415,1691432,1,,
436,c,12835769,1691458,1,,
437,e,2303199,1691493,1,,
438,a,1711968,1691512,1,,
439,d,1073647,1691534,1,,
440,d,19550442,1691558,1,,
441,a,3079487,1691572,1,,
442,f,2328942,1691594,1,,
443,f,5436122,1691611,1,,
444,a,29895103,1691634,1,,
445,a,115563,1691652,1,,
446,f,1685290,1691672,1,,
447,d,11619852,1691721,1,,
448,f,2301054,1691744,1,,
449,f,3109980,1691765,1,,
450,f,26563556,1691783,1,,
451,c,112719,1691800,1,,
452,f,8840166,1691827,1,,
453,b,2301568,1691844,1,,
454,d,1033473,1691903,1,,
455,d,2240023,1691921,1,,
456,e,2308684,1691940,1,,
457,d,304226,1691957,1,,
458,b,5404381,1692001,1,,
459,a,5378061,1692014,1,,
460,e,19403845,1692034,1,,
461,b,29736838,1692048,1,,
462,e,29994542,1692068,1,,
463,f,2250864,1692088,1,,
464,b,867381,1692174,1,,
465,c,4110922,1692806,1,,
466,a,10377210,1692810,1,,
467,c,174062,1702189,8,,
468,e,9123571,1703761,1,,
469,e,262622,1712122,4,,
470,a,9479,1712214,4,,
471,a,708768,1712391,4,,
472,e,13371,1713270,4,,
473,c,55702697,1713480,1,,
474,c,21125651,1713634,1,,
475,a,21762548,1713637,1,,
476,f,5228,1714667,4,,
477,b,28821,1724431,8,,
478,c,3994920,1730719,8,,
479,f,2161374,1740302,8,,
480,b,5398,1754118,4,,
481,e,210220,1766927,4,,
482,e,218757,1773103,1,,
483,c,852980,1774938,8,,
484,d,411,1775797,4,,
485,f,1595286,1806785,8,,
486,d,5410354,1811759,16,,
487,a,171950,1821990,8,,
488,e,107887,1840397,4,,
489,d,714510,1842565,1,,
490,b,1671,1842655,4,,
491,b,484804,1842658,1,,
492,c,86534,1844396,4,,
493,e,835053,1845539,8,,
494,b,577638,1845683,4,,
495,b,4457714,1845693,8,,
496,c,415729,1846107,4,,
497,d,7383731,1853263,4,,
498,c,119701010,1860323,1,,
499,c,10725246,1860327,1,,
500,e,20739,1862599,8,,
501,e,275251,1862795,1,,
502,d,284362,1863192,4,,
503,b,5165779,1863316,4,,
504,b,310435,1864812,1,,
505,e,2022,1867662,8,,
506,c,302577,1872651,8,,
507,e,14603,1873295,1,,
508,f,505218,1874026,1,,
509,e,51916,1874029,1,,
510,e,923098,1875106,8,,
511,a,117644,1876368,1,,
512,c,7153512,1879956,16,,
513,a,17374,1884835,16,,
514,a,22256,1886160,8,,
515,c,1375219,1889386,1,,
516,e,10886441,1889570,1,,
517,a,800920,1895072,8,,
518,d,15630351,1895143,8,,
519,a,17491737,1918310,16,,
520,e,2545,1925297,4,,
521,e,2071950,1925580,1,,
522,c,10323533,1930098,4,,
523,c,592860,1931786,4,,
524,e,847416,1934815,1,,
525,c,505838,1934900,1,,
526,d,6532178,1935047,1,,
527,a,43059715,1936564,1,,
528,e,49473880,1941972,4,,
529,e,415723,1943224,4,,
530,e,2138407,1944018,1,,
531,b,39712,1944769,4,,
532,b,3062,1944973,1,,
533,d,4738647,1946210,4,,
534,b,14140,1949120,4,,
535,d,1641092,1951848,8,,
536,b,9858907,1952420,1,,
537,e,3814650,1952436,1,,
538,c,8759237,1952823,4,,
539,e,1917212,1957199,8,,
540,e,11395011,1957901,1,,
541,a,840317,1959609,8,,
542,c,801953,1961540,8,,
543,f,607223,1964282,1,,
544,b,86176,1965715,1,,
545,d,164127,1965766,1,,
546,d,223074,1966138,1,,
547,f,844806,1966174,1,,
548,f,84410,1966198,1,,
549,f,354670,1966249,1,,
550,d,28504,1966274,1,,
551,b,1551,1966298,1,,
552,b,836,1966322,1,,
553,c,570871,1968041,1,,
554,a,409294,1969507,1,,
555,b,225615,1972359,1,,
556,f,1132,1974128,1,,
557,d,8989510,1974659,1,,
558,e,7914270,1978456,2,,
559,e,72269772,1978795,8,,
560,d,16616,1978854,2,,
561,d,207471,1978879,8,,
562,b,461555,1979101,2,,
563,e,9166648,1979127,2,,
564,d,1868669,1979172,2,,
565,e,745873,1980098,8,,
566,d,9528670,1980210,8,,
567,f,27982,1981247,2,,
568,b,94345,1981979,1,,
569,a,77580,1982000,1,,
570,d,2030426,1982201,1,,
571,f,1455166,1982224,1,,
572,c,13387715,1982246,1,,
573,d,24034533,1982272,1,,
574,a,12007846,1988375,1,,
575,c,2012057,1988402,1,,
576,d,131403,1996785,2,,
577,b,289379,1999867,4,,
578,d,1129167,1999889,4,,
579,d,339064,1999909,4,,
580,d,4749356,1999956,4,,
581,b,624851,2001905,8,,
582,e,46510,2001933,4,,
583,f,156964,2006324,1,,
584,e,1358537,2006497,1,,
585,f,1038668,2006559,1,,
586,a,7091188,2007701,8,,
587,f,713722,2007731,8,,
588,a,302006,2007737,1,,
589,d,866184,2007756,1,,
590,c,389304,2007847,1,,
591,d,309632,2007912,1,,
592,e,33225,2007925,1,,
593,e,105627,2007937,1,,
594,e,390818,2007948,1,,
595,a,78088,2007965,1,,
596,a,484625,2007980,1,,
597,a,3736,2007995,1,,
598,e,47060,2008086,1,,
599,b,74165,2008098,1,,
600,c,107686,2008116,1,,
601,b,28522,2008130,1,,
602,d,2629373,2008139,8,,
603,d,1949,2008146,1,,
604,a,52749,2008157,1,,
605,b,55944,2008170,1,,
606,a,22755184,2008272,8,,
607,c,32815,2008290,1,,
608,e,834358,2008311,1,,
609,d,801241,2008335,1,,
610,d,386869,2008353,1,,
611,f,436649,2008366,1,,
612,c,283137,2008376,1,,
613,c,2686,2008386,1,,
614,e,28807,2008408,1,,
615,e,1248186,2008419,4,,
616,c,31800659,2008509,2,,
617,b,53386,2013159,8,,
618,c,4766307,2013228,8,,
619,a,31158874,2057998,1,,
620,b,38841,2058069,1,,
621,e,272648,2126772,8,,
622,c,6216,2133105,8,,
623,b,575998,2136763,8,,
624,a,2132994,2137254,1,,
625,c,398986,2149233,1,,
626,a,145320,2149297,8,,
627,b,10645,2150018,8,,
628,d,29449220,2150028,8,,
629,c,740956,2152220,1,,
630,e,565174,2152257,1,,
631,e,1771993,2152324,4,,
632,a,4299724,2152367,4,,
633,a,723994,2152871,1,,
634,d,177818,2153142,2,,
635,a,4215961,2153175,2,,
636,d,18654,2153195,2,,
637,d,4218126,2153445,4,,
638,c,79022,2153529,1,,
639,e,7057807,2153614,8,,
640,c,1233272,2154476,8,,
641,f,77171107,2156743,8,,
642,a,24217928,2157440,8,,
643,d,56990,2158700,16,,
644,f,3105283,2161910,8,,
645,e,1315815,2162064,1,,
646,d,61850665,2170440,8,,
647,e,76602,2182300,1,,
648,b,22518,2183536,1,,
649,a,2277,2186327,4,,
650,c,552341,2189591,8,,
651,b,8079,2190311,4,,
652,a,426797,2190994,8,,
653,f,1117369,2191069,8,,
654,a,17109011,2191212,8,,
655,d,75926,2192489,4,,
656,f,634,2197006,4,,
657,a,406168,2199808,4,,
658,a,37084,2200224,4,,
659,c,246238,2204380,4,,
660,a,36100,2206543,4,,
661,b,217656,2206543,4,,
662,e,4738120,2206919,4,,
663,c,3807040,2206945,4,,
664,e,214919,2207663,8,,
665,b,178411,2209978,8,,
666,f,537463,2215343,8,,
667,e,3341120,2218836,16,,
668,c,711545,2220318,8,,
669,a,99416,2220859,8,,
670,d,3520443,2223204,1,,
671,f,34567,2223276,1,,
672,f,44933,2223453,4,,
673,c,1231737,2223540,8,,
674,b,108000,2224179,8,,
675,d,101555,2225095,8,,
676,c,122945,2225454,1,,
677,f,2864575,2227724,1,,
678,e,3163825,2227731,4,,
679,d,239227,2234074,8,,
680,b,82516,2234146,16,,
681,f,71240,2237299,1,,
682,a,32842623,2237532,1,,
683,c,489476,2239109,8,,
684,b,2973449,2243824,1,,
685,f,10033,2249168,1,,
686,f,4010548,2252441,8,,
687,f,33761713,2252454,8,,
688,c,1743448,2255571,1,,
689,f,2655509,2261952,1,,
690,f,4406824,2279108,8,,
691,e,1830066,2279591,8,,
692,c,15332,2281652,8,,
693,c,20621,2285347,4,,
694,d,216161,2288358,1,,
695,c,39336,2295536,1,,
696,d,10108519,2297936,8,,
697,a,107751,2304602,8,,
698,f,267789,2305032,8,,
699,a,1951309,2305071,8,,
700,b,600829,2305409,8,,
701,b,804660,2305606,16,,
702,b,34954,2308613,16,,
703,b,2252,2308721,1,,
704,b,777288,2308795,1,,
705,b,2296307,2309008,8,,
706,e,3716623,2310327,16,,
707,a,1180524,2310637,16,,
708,c,4921,2310700,8,,
709,a,108124,2312146,8,,
710,d,2330052,2313989,1,,
711,d,15509,2314770,4,,
712,e,219614,2317985,1,,
713,a,5276,2318623,1,,
714,b,9152429,2319610,8,,
715,a,152585,2319624,8,,
716,c,367177,2322470,8,,
717,f,20007446,2322912,8,,
718,f,1249702,2323037,8,,
719,b,334374,2325593,8,,
720,a,2037091,2326979,8,,
721,a,349787,2329770,7,,
722,e,723259,2329815,8,,
723,f,350275,2330062,8,,
724,b,38575,2330881,1,,
725,e,32602,2335207,8,,
726,b,621456,2336802,8,,
727,d,872583,2342253,1,,
728,f,10802071,2344821,8,,
729,c,38924,2356683,1,,
730,d,1462948,2362242,8,,
731,d,623572,2365059,1,,
732,d,620851,2365646,8,,
733,e,823303,2366023,8,,
734,e,350546,2372549,8,,
735,e,689031,2373644,4,,
736,d,43375,2373939,4,,
737,b,7838659,2374026,8,,
738,c,2511083,2375225,8,,
739,e,552945,2377051,1,,
740,e,6310,2379419,4,,
741,c,75137,2379991,8,,
742,b,3789208,2381329,8,,
743,a,4653231,2384534,8,,
744,a,1830969,2385513,8,,
745,f,37817228,2388060,8,,
746,a,377479,2388184,8,,
747,c,22501211,2403373,8,,
748,b,4174658,2403395,8,,
749,e,109932,2404498,8,,
750,c,19542447,2404645,8,,
751,a,856373,2405183,8,,
752,e,2275682,2406374,1,,
753,d,620152,2406387,4,,
754,d,3537308,2406416,2,,
755,f,1364,2406881,1,,
756,d,110992,2407234,8,,
757,c,17318,2407489,16,,
758,c,23118459,2409759,1,,
759,d,31639,2409923,1,,
760,f,1478476,2410770,1,,
761,c,2567,2410799,1,,
762,f,4200176,2411456,8,,
763,f,443791,2413166,16,,
764,a,753431,2419614,8,,
765,e,430120,2419952,8,,
766,c,22068,2419971,16,,
767,c,2040950,2420053,16,,
768,c,89701,2420131,16,,
769,f,123676,2420202,1,,
770,c,1812101,2427939,2,,
771,f,289684,2435862,8,,
772,d,407938,2446000,8,,
773,e,66632,2446077,8,,
774,d,1280900,2446230,8,,
775,c,29030,2450238,1,,
776,c,475612,2450480,2,,
777,c,151657,2452014,8,,
778,e,26198837,2454643,8,,
779,d,55170,2454686,8,,
780,c,1973474,2454711,8,,
781,a,11940,2462128,8,,
782,e,14087,2464078,1,,
783,a,8082,2466707,8,,
784,f,4794991,2470343,2,,
785,f,37237479,2472181,8,,
786,b,343606,2479196,8,,
787,b,82290,2479353,8,,
788,f,80569,2480259,16,,
789,b,6729934,2480826,8,,
790,e,1746614,2480916,8,,
791,d,59443,2482274,1,,
792,b,1318505,2482324,1,,
793,a,2949228,2483261,1,,
794,b,438863,2483310,1,,
795,f,16212602,2483315,8,,
796,a,416381,2484191,1,,
797,f,419309,2484263,1,,
798,e,1027226,2485732,1,,
799,c,5376418,2485905,1,,
800,f,1137161,2486332,8,,
801,b,730709,2487790,8,,
802,f,279519,2492333,8,,
803,b,776215,2495753,1,,
804,d,319685,2495758,16,,
805,e,299085,2497520,1,,
806,d,2480341,2497555,1,,
807,e,1920525,2501458,8,,
808,a,110358,2502249,8,,
809,d,32958,2507193,8,,
810,e,93174,2509422,16,,
811,c,423449,2512642,8,,
812,f,109580,2519332,8,,
813,a,161129,2528322,4,,
814,e,27052,2528328,4,,
815,f,30837,2530428,4,,
816,c,1864,2530447,4,,
817,c,5570330,2532070,1,,
818,f,847120,2533763,4,,
819,b,105124,2533783,4,,
820,a,1223073,2536859,1,,
821,d,2722584,2538363,8,,
822,e,121857,2540419,1,,
823,d,917711,2541525,4,,
824,f,3626733,2541943,2,,
825,a,185093,2548896,2,,
826,d,32831,2550621,4,,
827,a,164659,2550634,4,,
828,f,259601,2553029,4,,
829,c,5568087,2553043,4,,
830,e,269026,2560075,8,,
831,f,155097,2605962,1,,
832,c,777546,2632713,1,,
833,f,9990437,2632777,1,,
834,f,423611,2662033,2,,
835,c,423033,2662056,2,,
836,c,3555038,2662074,2,,
837,a,10920,2662093,2,,
838,d,410873,2662112,2,,
839,c,571408,2662181,1,,
840,f,2219756,2662195,4,,
841,a,1511401,2662218,4,,
842,f,993975,2662251,1,,
843,a,3538629,2662291,1,,
844,d,2343335,2662314,1,,
845,e,420001,2662324,4,,
846,b,564407,2662348,4,,
847,f,188897,2662359,1,,
848,b,554111,2662435,1,,
849,e,268366,2666580,4,,
850,f,121157,2668600,4,,
851,a,62942,2668703,4,,
852,e,248108,2671185,4,,
853,a,259339,2671801,1,,
854,c,112524,2703145,4,,
855,f,459164,2703279,4,,
856,b,8763,2705681,1,,
857,c,5153296,2705699,8,,
858,d,470253,2705757,8,,
859,f,755137,2712874,8,,
860,d,311555,2725043,8,,
861,f,29556,2736332,2,,
862,a,3693525,2736359,2,,
863,e,1055272,2736378,2,,
864,f,4285650,2736397,2,,
865,f,3456627,2736420,2,,
866,a,1178689,2736499,1,,
867,a,2684914,2736539,4,,
868,b,86075,2736548,1,,
869,c,5978193,2736572,1,,
870,f,1216924,2736582,4,,
871,d,144365,2736613,4,,
872,e,2422368,2736623,1,,
873,f,13193863,2736644,1,,
874,f,43363,2737382,16,,
875,f,20415,2737400,16,,
876,e,79331,2738244,1,,
877,d,333870,2738257,1,,
878,c,156319,2738352,8,,
879,d,4389680,2738353,8,,
880,f,6456,2738970,8,,
881,a,747559,2739645,8,,
882,f,9396419,2739712,8,,
883,e,391015,2742538,8,,
884,c,2021497,2742846,8,,
885,e,85851,2742912,8,,
886,e,1324874,2743072,8,,
887,b,61142,2743102,8,,
888,b,11698074,2743130,1,,
889,d,1452851,2745477,1,,
890,b,10024,2750632,1,,
891,a,172546,2753751,8,,
892,c,3902826,2753753,8,,
893,e,113019,2753761,4,,
894,c,25724,2754107,4,,
895,e,1754760,2755202,8,,
896,d,1114612,2755390,8,,
897,e,561882,2755596,8,,
898,b,20580,2755645,1,,
899,a,2225997,2756946,8,,
900,f,8305838,2758515,8,,
901,f,2425828,2758563,8,,
902,e,734259,2759413,4,,
903,c,122313,2762657,4,,
904,d,313869,2762982,1,,
905,c,8765,2767308,8,,
906,a,843507,2768096,1,,
907,f,5576094,2768658,1,,
908,f,780737,2769355,8,,
909,a,29835,2769560,1,,
910,c,373892,2769942,8,,
911,b,1072994,2770483,8,,
912,a,2304,2771579,4,,
913,f,238206,2777405,1,,
914,c,137147,2782504,2,,
915,e,653954,2782611,2,,
916,f,45032,2783923,2,,
917,e,170969,2784159,2,,
918,f,52835,2786487,4,,
919,e,1012979,2786492,4,,
920,b,488504,2787947,1,,
921,c,470633,2788649,4,,
922,f,1111622,2788786,1,,
923,c,240845,2790636,1,,
924,f,7250277,2795275,8,,
925,e,14112,2796000,4,,
926,a,408835,2796380,1,,
927,a,4442,2797842,1,,
928,f,784,2798007,1,,
929,f,78752,2799257,1,,
930,e,649105,2800248,16,,
931,e,980,2801211,1,,
932,c,404551,2801445,1,,
933,b,26050,2801505,1,,
934,a,4035348,2803110,1,,
935,f,22056,2804436,1,,
936,c,51826,2804850,1,,
937,e,2163306,2805539,1,,
938,f,119947,2806604,1,,
939,d,9935978,2807374,8,,
940,b,449819,2807448,8,,
941,f,2503900,2807547,8,,
942,c,662660,2808913,1,,
943,c,2496,2809529,1,,
944,f,69735,2810181,8,,
945,d,1103531,2810304,8,,
946,b,18198897,2810895,1,,
947,a,1510108,2810948,1,,
948,e,52117,2811215,1,,
949,a,906052,2811277,1,,
950,c,23104,2811290,1,,
951,c,3367,2811545,4,,
952,f,5308490,2811581,1,,
953,a,258597,2811641,4,,
954,f,7006,2812234,16,,
955,b,46858909,2814649,4,,
956,a,23482,2816767,1,,
957,b,116683,2821978,1,,
958,d,467535,2822534,8,,
959,c,49761,2824767,8,,
960,f,69779,2825556,8,,
961,d,184177,2826337,8,,
962,a,6089,2826624,1,,
963,c,1073783,2828497,16,,
964,d,381380,2828503,4,,
965,b,97836,2828509,16,,
966,e,16741,2829120,8,,
967,f,804076,2830160,4,,
968,d,1342925,2830704,4,,
969,f,90413,2831821,8,,
970,f,145446,2832444,8,,
971,e,5324982,2836246,1,,
972,b,3074336,2836299,16,,
973,c,24118,2836301,16,,
974,b,831798,2837460,4,,
975,d,206188,2838323,8,,
976,d,844809,2838710,8,,
977,a,67175,2839259,4,,
978,f,6907,2839393,8,,
979,a,31966,2839402,4,,
980,c,2081445,2839765,8,,
981,f,97128,2839809,8,,
982,c,85270,2841605,4,,
983,f,1446966,2842212,4,,
984,d,13689014,2842353,4,,
985,a,1120572,2844243,1,,
986,c,1351577,2845707,1,,
987,e,222080,2850083,4,,
988,f,654538,2855060,8,,
989,b,378347,2855387,4,,
990,b,1678991,2857028,8,,
991,e,12959502,2867960,8,,
992,c,193578,2877471,1,,
993,e,66662,2877529,1,,
994,f,270377,2877562,1,,
995,b,12061,2877619,1,,
996,a,8910,2880718,16,,
997,d,145545,2880886,1,,
998,b,615402,2882011,1,,
999,e,12869,2882057,1,,
1000,a,161302,2882080,1,,
1001,c,93888,2882440,4,,
1002,e,4307553,2882601,1,,
1003,d,103707,2882730,1,,
1004,b,812765,2883291,1,,
1005,c,350373,2886973,1,,
1006,d,147241,2888982,4,,
1007,b,365642,2889623,1,,
1008,f,42515479,2890017,4,,
1009,b,40615,2890440,4,,
1010,f,188881,2891585,8,,
1011,b,31855,2891633,8,,
1012,a,1363527,2891765,4,,
1013,a,190848,2891773,1,,
1014,c,3132,2893452,1,,
1015,d,3056,2893482,1,,
1016,e,343871,2893671,1,,
1017,e,43278,2893731,1,,
1018,a,3092577,2893819,1,,
1019,e,928554,2893851,1,,
1020,a,415768,2894811,1,,
1021,d,2585400,2894838,1,,
1022,a,2532,2896131,1,,
1023,a,811945,2898363,1,,
1024,f,1532647,2899015,8,,
1025,f,377261,2899350,8,,
1026,a,3202,2904303,1,,
1027,c,612352,2905196,1,,
1028,a,550025,2907066,8,,
1029,f,464599,2907856,8,,
1030,d,4228359,2908848,8,,
1031,e,389381,2910102,1,,
1032,e,765382,2917513,16,,
1033,e,875265,2924100,16,,
1034,d,30261,2924989,1,,
1035,a,1241095,2925137,1,,
1036,e,946947,2941883,16,,
1037,d,8962,2961144,1,,
1038,e,40011886,2964423,8,,
1039,b,8526,2968473,1,,
1040,b,31143,2969900,4,,
1041,c,39146,2971369,1,,
1042,b,706428,2972754,1,,
1043,a,10780594,2972813,1,,
1044,e,27516,2972870,1,,
1045,a,6933631,2972871,1,,
1046,d,133847,2977576,1,,
1047,a,1620757,2978463,1,,
1048,a,3188,2978540,1,,
1049,b,488605,2980720,1,,
1050,f,60792,2980938,1,,
1051,a,74800,2982335,1,,
1052,d,92802,2982676,1,,
1053,a,3123,2982970,1,,
1054,f,8387227,2989800,1,,
1055,a,2830093,2991565,1,,
1056,f,2418869,2991676,1,,
1057,c,1255519,2991688,1,,
1058,b,3842518,2991699,1,,
1059,e,762140,2991710,1,,
1060,c,9777355,2991721,1,,
1061,c,498655,2991731,1,,
1062,c,8647793,2995996,8,,
1063,f,2445730,2996127,8,,
1064,e,1599050,2996428,16,,
1065,c,6298,2997034,8,,
1066,f,153154,3001711,8,,
1067,f,168871,3001927,8,,
1068,c,12411,3002159,8,,
1069,e,974,3003144,8,,
1070,e,272199,3004977,1,,
1071,f,32614787,3005048,8,,
1072,d,349012,3005325,1,,
1073,e,2289501,3005327,1,,
1074,d,565195,3005404,1,,
1075,a,16373588,3005983,8,,
1076,c,6712617,3013225,8,,
1077,c,168439,3013382,4,,
1078,f,37369,3013782,8,,
1079,e,138388,3015240,8,,
1080,f,29866,3015678,1,,
1081,a,81497,3018107,1,,
1082,d,1775521,3018469,8,,
1083,f,1579621,3018485,1,,
1084,b,30170,3018622,1,,
1085,c,26208027,3019184,8,,
1086,a,15838,3020342,4,,
1087,e,3329377,3025072,8,,
1088,e,168761,3028259,8,,
1089,e,108220,3043312,1,,
1090,e,861521,3045237,8,,
1091,f,129272,3045764,8,,
1092,b,2689432,3045783,8,,
1093,b,1791020,3045805,8,,
1094,e,4219631,3045855,8,,
1095,d,3680294,3046027,8,,
1096,c,4240,3046093,8,,
1097,f,34023,3050600,16,,
1098,d,15763,3051645,1,,
1099,f,178338,3053148,4,,
1100,a,8171638,3053489,8,,
1101,e,3040664,3053861,8,,
1102,e,23389,3055049,1,,
1103,f,781334,3055589,1,,
1104,c,5557370,3055694,1,,
1105,d,175963,3055728,1,,
1106,d,145853,3056064,1,,
1107,e,281853,3056638,1,,
1108,a,167541,3056816,1,,
1109,a,961889,3057117,8,,
1110,d,2122895,3058458,8,,
1111,b,5985,3058804,8,,
1112,f,1134458,3059288,4,,
1113,a,467063,3059668,8,,
1114,e,6320,3059698,8,,
1115,c,80683740,3059922,8,,
1116,f,2059918,3060000,8,,
1117,b,78711,3060417,8,,
1118,e,88271,3064913,1,,
1119,b,81735,3065037,8,,
1120,f,2136536,3065304,1,,
1121,b,21342039,3067957,1,,
1122,d,761950,3068173,1,,
1123,a,2609499,3068989,1,,
1124,e,6903,3069894,8,,
1125,a,419312,3070169,1,,
1126,e,490010,3070500,1,,
1127,f,357389,3072346,1,,
1128,b,393230,3072686,1,,
1129,f,17929,3073639,1,,
1130,b,434287,3075245,8,,
1131,b,3264161,3078680,1,,
1132,b,400957,3079575,1,,
1133,a,17163300,3079721,1,,
1134,e,24163,3081111,1,,
1135,f,11484,3081141,1,,
1136,e,126116,3082127,8,,
1137,e,2064025,3082170,8,,
1138,e,185416,3082912,16,,
1139,d,1161865,3082926,16,,
1140,f,3453450,3083693,8,,
1141,a,81968,3086361,8,,
1142,b,497347,3088041,8,,
1143,b,64337,3088134,4,,
1144,c,14905765,3088486,7,,
1145,a,46325,3095341,8,,
1146,b,3046372,3095703,8,,
1147,a,10246,3097131,1,,
1148,e,264785,3099547,8,,
1149,c,46895,3102509,1,,
1150,b,2912361,3104922,8,,
1151,b,31805727,3107807,8,,
1152,c,12775,3107889,16,,
1153,b,80764,3114349,16,,
1154,f,1884473,3114403,16,,
1155,a,2097,3114442,16,,
1156,b,62680,3114754,8,,
1157,f,21207596,3114770,8,,
1158,c,163888,3114803,8,,
1159,b,33317,3122038,1,,
1160,d,2030335,3136944,1,,
1161,b,453195,3137006,1,,
1162,a,18632694,3138858,1,,
1163,e,12897,3151206,4,,
1164,c,5679,3156300,8,,
1165,e,412459,3156678,4,,
1166,f,3359496,3157915,16,,
1167,d,231241,3163733,4,,
1168,a,115521,3165566,1,,
1169,d,1976531,3165603,1,,
1170,a,1265437,3166276,1,,
1171,b,1672773,3166329,1,,
1172,b,981861,3167276,8,,
1173,a,1900907,3167913,8,,
1174,a,39743062,3168827,8,,
1175,e,2157324,3183638,4,,
1176,c,108410,3186211,8,,
1177,d,2247693,3188296,1,,
1178,c,2182554,3188566,1,,
1179,b,9410840,3193433,1,,
1180,b,1956454,3193437,1,,
1181,d,679140,3193441,1,,
1182,b,190897,3193448,1,,
1183,b,10920843,3193452,1,,
1184,e,17451773,3193455,1,,
1185,d,2291453,3193459,1,,
1186,e,42322463,3193463,1,,
1187,f,2129577,3193467,1,,
1188,e,3261351,3193471,1,,
1189,d,3871408,3193474,1,,
1190,b,4961006,3193479,1,,
1191,e,7189874,3193483,1,,
1192,e,12043796,3193487,1,,
1193,f,17445846,3193495,1,,
1194,a,14390133,3193499,1,,
1195,d,1958210,3193505,1,,
1196,f,4868202,3193509,1,,
1197,a,5060658,3193513,1,,
1198,c,42079141,3193517,1,,
1199,d,3174657,3193525,1,,
1200,f,4865844,3193529,1,,
1201,b,1100717,3193537,1,,
1202,d,29846516,3193540,1,,
1203,c,38211167,3193544,1,,
1204,a,2931630,3193548,1,,
1205,a,3861120,3193551,1,,
1206,e,3697534,3193555,1,,
1207,d,19375489,3193559,1,,
1208,f,1496549,3193562,1,,
1209,b,56081342,3193568,1,,
1210,f,1533888,3193572,1,,
1211,f,25235513,3193575,1,,
1212,a,3947092,3193578,1,,
1213,d,1129222,3193582,1,,
1214,f,185774,3193586,1,,
1215,f,247576,3193590,1,,
1216,b,244007,3193593,1,,
1217,b,5075047,3193597,1,,
1218,b,5016574,3193600,1,,
1219,d,56072167,3193604,1,,
1220,f,1529093,3193608,1,,
1221,c,1107997,3193612,1,,
1222,a,424979556,3193617,1,,
1223,e,3772365,3193624,1,,
1224,d,224406,3193628,1,,
1225,c,1432210,3193632,1,,
1226,b,9562973,3193637,1,,
1227,b,4989174,3193640,1,,
1228,b,42151792,3193644,1,,
1229,b,19298838,3193648,1,,
1230,e,20392379,3193652,1,,
1231,b,3248886,3193655,1,,
1232,f,65756326,3193659,1,,
1233,a,241070,3193663,1,,
1234,a,1671124,3193667,1,,
1235,e,26105465,3193670,1,,
1236,f,1903723,3193678,1,,
1237,e,1068686,3193759,8,,
1238,b,62369582,3195047,8,,
1239,f,929040,3227030,16,,
1240,d,65172,3231294,8,,
1241,d,440168,3237897,1,,
1242,e,983794,3244126,16,,
1243,a,917702,3251588,1,,
1244,b,100949,3251739,1,,
1245,b,10062508,3252017,8,,
1246,a,52150,3255235,8,,
1247,b,2184219,3255384,8,,
1248,d,166693,3260958,8,,
1249,b,2833070,3265631,8,,
1250,d,1055664,3270949,8,,
1251,e,4452440,3271106,8,,
1252,b,14587626,3273178,8,,
1253,e,138793,3276864,8,,
1254,d,12479660,3279636,1,,
1255,f,61124,3279710,1,,
1256,d,653912,3310232,4,,
1257,e,12934118,3310362,4,,
1258,c,717440,3316252,1,,
1259,c,59160,3329599,1,,
1260,a,2449519,3330983,8,,
1261,f,141652,3333053,1,,
1262,c,21030,3335050,1,,
1263,c,58553,3338630,1,,
1264,c,22191385,3340533,1,,
1265,f,181427,3342378,8,,
1266,f,61674,3342588,1,,
1267,a,1135266,3342636,1,,
1268,d,1676045,3343017,8,,
1269,d,904333,3343960,16,,
1270,e,1870118,3344094,16,,
1271,b,9483699,3344219,1,,
1272,b,13466,3344326,16,,
1273,d,224393,3345422,8,,
1274,c,4887,3350039,8,,
1275,a,294499,3356017,8,,
1276,b,771,3357468,8,,
1277,d,938343,3357934,20,,
1278,c,2203021,3358054,16,,
1279,c,133115,3359133,1,,
1280,f,10431,3359133,1,,
1281,b,129756,3359133,1,,
1282,e,411,3359134,1,,
1283,d,111915,3359380,1,,
1284,e,29384,3359587,4,,
1285,f,366434,3359789,1,,
1286,d,5199593,3359853,1,,
1287,c,2036016,3359893,1,,
1288,e,2363024,3359921,1,,
1289,c,327173,3360183,1,,
1290,b,37898,3360234,1,,
1291,a,2024780,3360284,1,,
1292,f,1153033,3360328,1,,
1293,d,79661,3360334,8,,
1294,c,92331,3360356,1,,
1295,e,304468,3360396,1,,
1296,e,657536,3360548,1,,
1297,b,853349,3360708,1,,
1298,e,1483900,3361170,1,,
1299,a,407751,3361217,8,,
1300,a,7534036,3361468,1,,
1301,d,1469,3362009,1,,
1302,c,287904,3362054,1,,
1303,c,323564,3362076,1,,
1304,d,4066,3362093,1,,
1305,d,22442605,3362331,16,,
1306,e,6789943,3362419,1,,
1307,c,282004,3362445,16,,
1308,c,13827,3362465,16,,
1309,c,631799,3362801,8,,
1310,c,116273,3362983,1,,
1311,a,2155,3363038,1,,
1312,e,16022352,3363209,1,,
1313,c,22723530,3363305,1,,
1314,e,1700620,3363614,1,,
1315,a,107259,3363614,1,,
1316,c,126551,3363638,1,,
1317,a,1347932,3363638,1,,
1318,c,2691323,3363912,8,,
1319,f,8185,3364413,1,,
1320,d,1573695,3365017,1,,
1321,e,691974,3365150,1,,
1322,d,33997,3365657,1,,
1323,d,195622,3365692,1,,
1324,a,2196366,3365714,1,,
1325,e,8638474,3365736,1,,
1326,c,187996,3365948,8,,
1327,d,1676,3366667,1,,
1328,a,1136946,3367697,8,,
1329,c,928998,3367724,8,,
1330,e,2393823,3367749,8,,
1331,b,1175,3369000,1,,
1332,a,499864,3369102,1,,
1333,d,528983,3370210,4,,
1334,f,938280,3370237,4,,
1335,b,3197982,3370534,8,,
1336,b,223774,3370630,8,,
1337,e,38359,3370849,8,,
1338,d,2126459,3371378,1,,
1339,d,20554493,3371496,8,,
1340,e,705620,3374496,16,,
1341,e,224330,3374520,16,,
1342,e,571565,3399195,4,,
1343,c,2647727,3399506,8,,
1344,a,945,3400170,8,,
1345,c,121001,3400242,8,,
1346,c,6394,3401046,8,,
1347,c,225813,3402672,1,,
1348,f,8160,3402699,16,,
1349,d,292403,3402969,1,,
1350,a,25853,3404105,1,,
1351,d,194540,3404131,1,,
1352,a,72006,3404165,1,,
1353,f,7882683,3406034,8,,
1354,f,58815,3409100,1,,
1355,f,450334,3409908,1,,
1356,c,559109,3411546,1,,
1357,b,70092,3411603,1,,
1358,f,375733463,3411993,1,,
1359,c,2111597,3412047,1,,
1360,c,211092,3415395,4,,
1361,b,10118,3418942,4,,
1362,d,60505,3419095,8,,
1363,c,237154,3419422,1,,
1364,c,10976,3419511,1,,
1365,e,70327,3420130,16,,
1366,e,878591,3426265,1,,
1367,d,1391934,3426742,1,,
1368,d,99137,3427475,1,,
1369,d,1011330,3427983,1,,
1370,b,4901838,3428071,1,,
1371,b,14118177,3428093,1,,
1372,e,1889794,3428118,1,,
1373,a,1546,3428247,1,,
1374,b,35175517,3428655,16,,
1375,f,774360,3435762,8,,
1376,a,183736,3437032,1,,
1377,a,355582,3437326,1,,
1378,d,555378,3437452,1,,
1379,e,160423,3437574,1,,
1380,b,555729,3439192,8,,
1381,b,54599706,3440492,8,,
1382,c,448947,3442593,1,,
1383,d,1819226,3443428,16,,
1384,b,15165648,3443613,16,,
1385,b,3402191,3443903,8,,
1386,c,379339,3444367,1,,
1387,c,5656,3444524,1,,
1388,a,297171,3444873,1,,
1389,c,1543,3444884,1,,
1390,f,600973,3444910,1,,
1391,b,16339,3444925,1,,
1392,c,2037,3444948,1,,
1393,e,12645685,3444949,1,,
1394,a,440331,3445013,1,,
1395,a,1512402,3445055,1,,
1396,c,58977,3445081,1,,
1397,b,3351401,3445118,1,,
1398,a,783037,3447475,8,,
1399,b,238638,3448088,8,,
1400,d,10528217,3449080,8,,
1401,e,2003775,3449285,8,,
1402,f,25616,3449324,8,,
1403,a,45069,3455383,1,,
1404,f,529612,3458247,1,,
1405,d,206134,3478648,1,,
1406,d,296927,3482800,1,,
1407,c,94578,3483316,4,,
1408,c,300862,3484665,16,,
1409,d,696841,3485998,1,,
1410,c,151418,3486210,8,,
1411,c,1014801,3487778,1,,
1412,a,149623,3490509,4,,
1413,e,1624,3497355,8,,
1414,c,945305,3498818,8,,
1415,f,1091998,3498887,8,,
1416,e,592943,3499991,4,,
1417,e,1659,3500240,4,,
1418,b,473640,3500440,16,,
1419,f,138959,3501455,8,,
1420,a,11346,3501679,8,,
1421,e,206111,3501680,8,,
1422,e,217811,3501849,8,,
1423,f,1735103,3501935,8,,
1424,d,4200,3502023,4,,
1425,c,2391984,3502396,1,,
1426,f,23379,3503418,8,,
1427,b,1497405,3505880,8,,
1428,d,1913288,3508947,8,,
1429,e,5916935,3508975,8,,
1430,b,3512289,3510026,1,,
1431,f,6944576,3510139,1,,
1432,f,47588,3511645,1,,
1433,c,5678,3512747,8,,
1434,a,1158929,3514253,4,,
1435,b,416591,3515188,8,,
1436,b,236977,3516025,1,,
1437,d,11331431,3516892,4,,
1438,b,1485,3517032,1,,
1439,d,268288,3517155,1,,
1440,f,46459313,3517295,8,,
1441,b,12120892,3517379,1,,
1442,e,165961,3517854,1,,
1443,f,166928,3517999,1,,
1444,e,6018461,3518099,8,,
1445,b,4966,3518210,8,,
1446,c,17839,3518233,1,,
1447,a,2669222,3520575,1,,
1448,c,3795458,3521490,8,,
1449,f,476908,3525329,1,,
1450,b,22135,3529058,1,,
1451,a,30222,3529148,1,,
1452,e,290636,3529517,1,,
1453,c,31646,3529655,1,,
1454,c,32141,3529934,1,,
1455,b,4894,3530069,1,,
1456,f,54563,3530171,1,,
1457,b,43811,3537065,1,,
1458,e,43212,3537196,1,,
1459,a,54694,3537306,1,,
1460,d,140536,3537448,8,,
1461,f,64609,3539191,8,,
1462,c,2274,3541523,1,,
1463,d,24808,3541924,8,,
1464,d,2526,3541938,1,,
1465,d,69689,3543503,8,,
1466,e,222832,3545877,8,,
1467,a,32629400,3563716,8,,
1468,b,86775,3571109,4,,
1469,b,598327,3571147,8,,
1470,e,6055180,3571448,8,,
1471,d,3203226,3580208,1,,
1472,a,53582,3580224,1,,
1473,d,10269,3581313,1,,
1474,d,45060,3585504,1,,
1475,b,38089,3586937,1,,
1476,c,1636331,3594238,8,,
1477,f,37926,3594743,4,,
1478,b,265590,3595699,16,,
1479,b,2273261,3595701,1,,
1480,b,62400104,3599672,1,,
1481,f,124449,3601566,8,,
1482,a,967387,3601585,8,,
1483,a,97835,3602159,8,,
1484,d,12940376,3603092,16,,
1485,a,72398779,3603227,4,,
1486,e,2342745,3603230,16,,
1487,d,435084,3604303,1,,
1488,c,6705,3604657,1,,
1489,c,5440101,3605180,8,,
1490,a,78059,3605476,8,,
1491,d,210960,3611737,8,,
1492,c,36070796,3615154,1,,
1493,d,285434,3615392,1,,
1494,b,53805,3615514,1,,
1495,c,11581092,3615597,1,,
1496,a,1274202,3615601,8,,
1497,f,21688,3616104,1,,
1498,c,354809,3616820,1,,
1499,b,20101,3616896,1,,
1500,a,307700,3616971,1,,
1501,d,11655,3617060,1,,
1502,c,30071,3617144,1,,
1503,b,25672,3617456,1,,
1504,b,15856795,3617511,1,,
1505,a,1131698,3617543,1,,
1506,b,45232,3617583,1,,
1507,b,3273626,3617610,1,,
1508,c,6170,3617797,1,,
1509,b,755405,3618303,1,,
1510,a,3375057,3618823,1,,
1511,f,93064239,3619305,1,,
1512,b,5998,3621074,1,,
1513,c,26312,3621920,1,,
1514,b,10328,3622084,1,,
1515,a,64840,3622334,1,,
1516,d,761639,3622423,1,,
1517,f,755054,3622500,1,,
1518,a,1160544,3622628,1,,
1519,b,49309,3622703,1,,
1520,b,73579,3622812,1,,
1521,a,21302,3622884,1,,
1522,e,2089,3622956,1,,
1523,f,1973,3623039,1,,
1524,c,104187,3623111,1,,
1525,f,7502027,3623248,1,,
1526,c,11118,3623438,8,,
1527,e,1355722,3623578,8,,
1528,e,93266754,3623665,8,,
1529,b,38733087,3623818,8,,
1530,e,1071054,3624228,8,,
1531,a,1562185,3625213,1,,
1532,b,47212,3625250,1,,
1533,b,87841,3625753,1,,
1534,a,39757,3625896,1,,
1535,c,96954,3626244,1,,
1536,b,118994960,3628889,8,,
1537,e,1172121,3631862,16,,
1538,f,32768,3634332,1,,
1539,e,26627,3635605,1,,
1540,d,25501,3635675,16,,
1541,e,1055265,3640312,8,,
1542,d,1136635,3654916,1,,
1543,d,98018,3655299,8,,
1544,a,121235,3659762,4,,
1545,a,7520528,3660369,4,,
1546,d,1354924,3661160,4,,
1547,f,5614169,3665692,4,,
1548,b,135791,3668548,1,,
1549,c,3570536,3673785,16,,
1550,b,74992,3685334,2,,
1551,c,11524187,3688899,8,,
1552,a,149053367,3691049,8,,
1553,a,16242419,3691977,16,,
1554,f,96656,3692119,16,,
1555,c,7810029,3692850,4,,
1556,e,921641,3692921,1,,
1557,e,420144,3694117,1,,
1558,b,12869,3694118,16,,
1559,b,94810,3694914,8,,
1560,c,10851509,3695009,8,,
1561,f,16168187,3696452,1,,
1562,c,626984,3703503,8,,
1563,a,67773,3703578,8,,
1564,a,1056579,3703663,8,,
1565,b,216628,3703723,1,,
1566,e,46175,3705591,1,,
1567,b,689214,3705704,1,,
1568,c,324881,3705784,1,,
1569,f,279502,3705944,1,,
1570,d,12653,3706039,1,,
1571,d,2755,3706239,1,,
1572,f,15216315,3706242,4,,
1573,c,11401,3706329,1,,
1574,f,18280,3706428,8,,
1575,a,1913,3707765,1,,
1576,a,3086744,3707853,1,,
1577,b,1969,3708089,1,,
1578,a,2252,3708232,1,,
1579,f,49134,3708324,1,,
1580,f,15800,3708405,1,,
1581,d,2864,3708485,1,,
1582,a,42956,3708556,1,,
1583,e,2492,3708635,1,,
1584,b,2425086,3708703,1,,
1585,a,585340,3708773,1,,
1586,d,48728,3708871,1,,
1587,e,96638,3717476,8,,
1588,d,265179,3718944,8,,
1589,b,503548,3744316,4,,
1590,d,59212,3744447,4,,
1591,b,2660422,3746053,4,,
1592,d,654977,3746495,4,,
1593,f,2019081,3749178,8,,
1594,b,100932,3758807,4,,
1595,b,2109087,3760386,1,,
1596,a,14535,3761771,1,,
1597,f,124799,3761840,8,,
1598,a,71387803,3763948,8,,
1599,f,144309,3764063,8,,
1600,d,7347677,3764205,8,,
1601,b,12624474,3764312,8,,
1602,f,11554928,3764385,8,,
1603,e,4709068,3769832,8,,
1604,b,237175,3769926,8,,
1605,d,593178,3770058,8,,
1606,d,26122749,3770850,8,,
1607,c,24968019,3770918,8,,
1608,d,17987779,3771100,8,,
1609,b,85055,3772020,1,,
1610,a,760504,3777291,8,,
1611,c,31210,3777479,4,,
1612,e,18227,3782099,1,,
1613,b,23887,3783673,1,,
1614,b,85012,3784102,1,,
1615,f,3349861,3785220,4,,
1616,d,4358731,3785531,4,,
1617,d,175442,3786367,4,,
1618,d,208005,3789445,4,,
1619,c,15792875,3790445,8,,
1620,b,523822,3790518,8,,
1621,a,2343492,3790604,8,,
1622,c,11076718,3794697,1,,
1623,f,1180915,3794720,1,,
1624,f,4488488,3794751,1,,
1625,d,15060331,3796419,1,,
1626,c,8484093,3796441,4,,
1627,d,1140242,3796469,4,,
1628,e,6309874,3796485,1,,
1629,c,2837127,3796510,1,,
1630,f,8695730,3796527,4,,
1631,f,105556,3796551,4,,
1632,a,82524932,3797231,1,,
1633,c,163880,3797268,1,,
1634,c,53144,3797326,2,,
1635,c,92435,3797920,2,,
1636,a,1448291,3797987,1,,
1637,b,78838,3798139,2,,
1638,d,5416081,3798158,2,,
1639,d,716206,3798179,2,,
1640,d,8266168,3798201,2,,
1641,f,16334046,3798226,2,,
1642,e,1303703,3812024,8,,
1643,f,2169679,3812798,8,,
1644,d,94829,3812815,32,,
1645,f,55480088,3821570,8,,
1646,a,3166951,3827358,8,,
1647,c,846674,3827424,1,,
1648,e,92680,3829833,8,,
1649,a,113814,3832671,8,,
1650,b,6723575,3833043,4,,
1651,d,9944757,3834945,1,,
1652,c,5432215,3834993,1,,
1653,d,5528554,3837215,1,,
1654,b,135383,3841532,8,,
1655,e,1304517,3841937,16,,
1656,f,2418423,3844194,1,,
1657,e,5461521,3845179,8,,
1658,b,85679,3845366,8,,
1659,f,1323,3849649,8,,
1660,f,755828,3849703,8,,
1661,a,31692,3849992,1,,
1662,a,23150755,3858030,1,,
1663,f,924925,3864395,1,,
1664,f,12384851,3876343,1,,
1665,f,109227,3876469,2,,
1666,a,406350,3876531,8,,
1667,a,13161,3889980,8,,
1668,f,1023599,3900131,1,,
1669,a,103425,3934756,4,,
1670,e,3806347,3934777,4,,
1671,e,7022514,3935151,4,,
1672,c,4777041,3935213,4,,
1673,e,310110,3935370,4,,
1674,c,30003,3935479,4,,
1675,c,239165,3937203,4,,
1676,c,19647,3937928,4,,
1677,d,139665,3938171,4,,
1678,d,183333,3946168,2,,
1679,a,53468,3946654,8,,
1680,f,387532,3947235,16,,
1681,e,5634503,3947752,8,,
1682,c,8811,3948277,8,,
1683,c,510506,3949616,1,,
1684,c,67168,3949690,1,,
1685,f,23023,3949787,1,,
1686,d,2195,3949869,1,,
1687,b,2141,3949952,1,,
1688,e,19073,3950047,1,,
1689,e,1022196,3950080,8,,
1690,f,21232,3950183,1,,
1691,e,206449,3953261,1,,
1692,c,319252,3959146,1,,
1693,c,2111366,3959582,4,,
1694,f,1900906,3960254,1,,
1695,e,4426,3960326,1,,
1696,e,6015,3960736,1,,
1697,e,194317,3960814,1,,
1698,f,39574,3960830,8,,
1699,d,20928,3960924,1,,
1700,e,2496,3960993,1,,
1701,d,99399,3961080,1,,
1702,b,285765,3961236,1,,
1703,d,172320,3961334,1,,
1704,a,460617,3961442,1,,
1705,d,1083953,3961472,8,,
1706,d,1462,3961531,1,,
1707,f,18154,3961599,1,,
1708,e,1168,3961673,1,,
1709,e,31832,3961747,1,,
1710,e,1189,3961834,1,,
1711,e,2613,3961903,1,,
1712,c,731329,3961974,1,,
1713,a,3816694,3963727,4,,
1714,f,16114,3963849,8,,
1715,b,4305,3965169,8,,
1716,d,72536,3965506,8,,
1717,c,4780053,3969174,1,,
1718,c,23664,3970334,1,,
1719,e,213104,3974316,4,,
1720,b,7914260,3975440,8,,
1721,d,1184,3975795,8,,
1722,b,11293,3980117,8,,
1723,d,9219458,3997704,8,,
1724,e,1852390,4005336,4,,
1725,f,596417,4006238,1,,
1726,e,13878,4010915,1,,
1727,e,2547,4012586,1,,
1728,e,2473,4013947,4,,
1729,a,12818,4014555,1,,
1730,c,1515033,4014622,1,,
1731,a,11833,4016264,4,,
1732,d,13879,4016446,1,,
1733,e,37983,4016536,1,,
1734,a,95314,4016712,1,,
1735,a,717764,4016780,1,,
1736,a,32020,4019116,4,,
1737,a,2576651,4019436,8,,
1738,d,2821301,4019622,4,,
1739,b,123297,4020373,1,,
1740,c,3533,4020490,8,,
1741,a,394496,4021739,4,,
1742,b,204922,4023745,1,,
1743,e,451372,4029548,8,,
1744,d,5657,4031959,8,,
1745,f,7480,4034063,8,,
1746,e,6942,4034191,8,,
1747,c,5189906,4036359,8,,
1748,c,781396,4037207,8,,
1749,f,1901519,4039311,8,,
1750,f,2689900,4040328,4,,
1751,b,674717,4040500,4,,
1752,a,7012067,4040559,4,,
1753,b,38727546,4043556,16,,
1754,c,29877366,4044551,16,,
1755,d,227709,4044761,8,,
1756,b,2256564,4049625,8,,
1757,c,144751,4050950,8,,
1758,e,12647,4052711,8,,
1759,f,70235,4052828,16,,
1760,b,978791,4053733,8,,
1761,b,256184,4053758,8,,
1762,c,101006,4053792,8,,
1763,d,104752,4055318,8,,
1764,b,21515,4062291,8,,
1765,c,51252,4064308,8,,
1766,a,1033485,4072646,8,,
1767,d,2048,4085795,4,,
1768,c,3018823,4086592,4,,
1769,e,4461746,4087155,4,,
1770,e,2719815,4087366,1,,
1771,e,1630850,4087394,1,,
1772,b,2281438,4089411,4,,
1773,a,774624,4089784,4,,
1774,d,12401702,4090632,4,,
1775,c,41349,4092939,1,,
1776,c,127218,4094367,4,,
1777,e,753431,4095020,1,,
1778,a,27529624,4095052,8,,
1779,d,2006823,4095109,8,,
1780,f,492009,4101388,1,,
1781,c,6480325,4103465,4,,
1782,b,50469,4104385,1,,
1783,c,5416179,4104398,4,,
1784,a,364871,4105774,8,,
1785,d,19494751,4107881,4,,
1786,b,4040959,4107995,4,,
1787,c,23996,4109733,1,,
1788,d,4588090,4110710,4,,
1789,f,3281741,4120729,16,,
1790,b,320375,4120747,8,,
1791,f,129597,4122404,8,,
1792,e,103492,4124425,1,,
1793,c,2391,4124502,1,,
1794,d,389810,4124658,1,,
1795,d,540141,4124720,1,,
1796,f,219461,4124790,1,,
1797,f,35080,4125000,1,,
1798,a,324037,4125138,1,,
1799,d,43875,4125286,1,,
1800,f,16436,4125628,1,,
1801,d,40090,4125921,1,,
1802,f,1199,4126148,1,,
1803,e,1400,4126346,1,,
1804,e,40899,4126644,8,,
1805,d,311468,4138343,8,,
1806,d,17000,4138995,4,,
1807,c,754188,4139356,4,,
1808,d,647402,4139733,8,,
1809,b,195388,4149178,8,,
1810,e,348344,4151057,8,,
1811,c,555600,4156320,1,,
1812,d,996785,4158422,8,,
1813,a,12768157,4169731,8,,
1814,e,1274498,4170856,1,,
1815,e,189918,4173649,1,,
1816,f,717121,4174044,1,,
1817,b,12483241,4179419,4,,
1818,f,837123,4185054,1,,
1819,d,31703,4187061,8,,
1820,d,1105,4187223,4,,
1821,f,20369,4187459,2,,
1822,e,17406,4188140,4,,
1823,e,1630460,4188271,4,,
1824,e,22677,4189402,2,,
1825,c,7992061,4194251,8,,
1826,a,29413503,4194650,8,,
1827,e,2572469,4197246,4,,
1828,f,18856,4197288,4,,
1829,f,15879,4197529,4,,
1830,d,3922,4200134,8,,
1831,f,978,4204965,1,,
1832,d,296455,4208644,1,,
1833,b,42723,4209674,1,,
1834,e,33861,4210203,8,,
1835,f,28748,4210537,1,,
1836,f,18572895,4214464,8,,
1837,d,372888,4214501,1,,
1838,d,103243,4215093,4,,
1839,b,3732509,4216702,8,,
1840,d,42167,4217853,4,,
1841,e,174043,4218711,8,,
1842,d,233351,4221846,4,,
1843,b,160239,4222236,4,,
1844,a,93735,4222851,8,,
1845,c,17927535,4222975,1,,
1846,a,11908,4223886,8,,
1847,f,15574,4224234,1,,
1848,b,229388,4225088,1,,
1849,b,261708,4225292,8,,
1850,d,89198,4226057,1,,
1851,d,30359455,4229135,8,,
1852,e,1518228,4231928,8,,
1853,f,106969,4235084,8,,
1854,f,6608,4241485,1,,
1855,a,9738715,4245400,8,,
1856,b,36619310,4248721,8,,
1857,f,23846854,4256276,1,,
1858,f,244006,4256980,4,,
1859,d,32961,4259639,16,,
1860,c,66570238,4259669,8,,
1861,b,16188569,4259695,8,,
1862,a,228263,4260520,8,,
1863,e,6845751,4260899,4,,
1864,c,46423806,4260900,16,,
1865,e,2208,4260901,1,,
1866,b,898943,4263429,4,,
1867,a,1080780,4269940,1,,
1868,c,103471,4272038,1,,
1869,c,11829,4272964,4,,
1870,a,120311,4275845,1,,
1871,a,3373773,4275968,8,,
1872,d,2540394,4279427,4,,
1873,f,8093,4280398,4,,
1874,a,20456,4280490,4,,
1875,f,42161,4284419,16,,
1876,f,6693789,4288803,8,,
1877,a,22273706,4289489,8,,
1878,f,31383,4291633,1,,
1879,e,878109,4291700,1,,
1880,a,4371,4292276,1,,
1881,d,54376,4292869,16,,
1882,b,1060394,4294766,1,,
1883,c,29667,4298062,8,,
1884,a,353539,4298657,1,,
1885,d,257825,4298860,1,,
1886,a,569116,4298927,1,,
1887,b,211472,4299094,1,,
1888,b,470795,4299244,1,,
1889,a,55078,4299389,1,,
1890,c,5571721,4305223,4,,
1891,a,43378,4305250,4,,
1892,a,3585605,4305861,1,,
1893,d,104249,4306126,1,,
1894,d,91783,4306246,1,,
1895,d,1339806,4306246,1,,
1896,a,22800,4306288,1,,
1897,f,166397,4306419,1,,
1898,c,478322,4307079,1,,
1899,b,17816468,4307901,32,,
1900,b,37010,4308054,32,,
1901,c,1296265,4308059,32,,
1902,a,157001,4308065,32,,
1903,d,15110,4308202,4,,
1904,a,879215,4309171,4,,
1905,d,141419,4309641,8,,
1906,e,718788,4309920,4,,
1907,c,4484871,4310017,8,,
1908,c,41594,4310117,8,,
1909,f,16779,4310775,4,,
1910,b,24230871,4311954,1,,
1911,b,110295630,4312249,1,,
1912,b,17791991,4312420,1,,
1913,c,62625954,4312491,1,,
1914,a,14015582,4312695,1,,
1915,d,93775074,4312850,1,,
1916,a,2431556,4313042,1,,
1917,d,7132,4313213,1,,
1918,c,149838,4318247,8,,
1919,c,8098,4319218,1,,
1920,d,755311,4323830,8,,
1921,d,219000,4332923,8,,
1922,a,1316545,4334396,8,,
1923,e,16118047,4336958,8,,
1924,b,1271799,4340515,4,,
1925,d,13314,4341492,1,,
1926,a,2034751,4349964,8,,
1927,c,43026,4353063,1,,
1928,d,1217562,4353064,1,,
1929,b,632886,4353125,1,,
1930,c,2860457,4353126,1,,
1931,d,98336,4353126,1,,
1932,b,5244559,4353128,1,,
1933,e,593198,4353128,1,,
1934,c,500522,4353128,1,,
1935,a,3302210,4353129,1,,
1936,a,872759,4353723,8,,
1937,c,892,4353866,4,,
1938,b,1032991,4355145,8,,
1939,f,5591,4355252,4,,
1940,c,537808,4355438,8,,
1941,d,2394832,4355598,8,,
1942,c,330591,4363039,8,,
1943,f,115863,4363214,16,,
1944,d,14103,4364373,1,,
1945,a,2803548,4367266,16,,
1946,c,997548,4372263,8,,
1947,c,1522073,4373176,8,,
1948,f,126336,4374344,4,,
1949,d,40825,4374376,4,,
1950,d,167786,4375472,8,,
1951,b,120618,4375559,8,,
1952,a,492703,4384596,4,,
1953,c,568484,4384611,1,,
1954,b,2202991,4384943,4,,
1955,c,2070817,4389277,4,,
1956,e,1222542,4389794,4,,
1957,e,244300,4392357,4,,
1958,e,2225889,4392441,1,,
1959,a,48822,4392568,4,,
1960,a,1359841,4417144,8,,
1961,f,8816635,4417173,8,,
1962,c,133992,4417213,8,,
1963,b,20252,4419234,1,,
1964,e,876237,4420096,1,,
1965,d,12193835,4421903,8,,
1966,f,122260,4429473,4,,
1967,e,110110,4429857,4,,
1968,c,1515090,4431138,4,,
1969,c,4878,4432125,4,,
1970,e,123724,4432290,8,,
1971,b,1286177,4433484,4,,
1972,d,1534354,4434338,4,,
1973,b,481411,4434399,4,,
1974,b,321591,4438429,8,,
1975,d,92937712,4443663,8,,
1976,f,1918044,4444486,8,,
1977,c,69399,4457783,4,,
1978,b,110292,4457837,4,,
1979,d,2036612,4468456,8,,
1980,e,1211795,4471989,4,,
1981,a,1531,4477866,1,,
1982,e,61363173,4480780,8,,
1983,e,113850,4483812,1,,
1984,a,617602,4485312,4,,
1985,a,258026,4485874,4,,
1986,e,14476,4486285,1,,
1987,c,582761,4486847,4,,
1988,f,12780219,4487069,8,,
1989,c,1325978,4487642,4,,
1990,e,5187433,4489182,1,,
1991,d,205865,4489242,1,,
1992,e,9388,4491156,1,,
1993,f,13255,4498182,1,,
1994,d,41928,4498787,1,,
1995,a,3760186,4499365,8,,
1996,c,105383,4499762,1,,
1997,d,23881,4499824,1,,
1998,d,489442,4505802,8,,
1999,c,470011,4508448,1,,
